{"v":"5.2.1","fr":29.9700012207031,"ip":0,"op":27.0000010997325,"w":758,"h":673,"nm":"berserk","ddd":0,"assets":[{"id":"image_0","w":758,"h":673,"u":"images/","p":"Layer_5_copy_3_berserk.png","e":0},{"id":"image_1","w":758,"h":673,"u":"images/","p":"Layer_5_copy_4_berserk.png","e":0},{"id":"image_2","w":758,"h":673,"u":"images/","p":"Layer_5_copy_2_berserk.png","e":0},{"id":"image_3","w":758,"h":673,"u":"images/","p":"Layer_5_copy_berserk.png","e":0},{"id":"image_4","w":758,"h":673,"u":"images/","p":"Layer_5_berserk.png","e":0},{"id":"image_5","w":409,"h":348,"u":"images/","p":"Layer_4_copy_berserk.png","e":0},{"id":"image_6","w":357,"h":357,"u":"images/","p":"Layer_3_berserk.png","e":0}],"layers":[{"ddd":0,"ind":1,"ty":2,"nm":"Layer 5 copy 3","refId":"image_0","sr":1,"ks":{"o":{"a":0,"k":100,"ix":11},"r":{"a":0,"k":0,"ix":10},"p":{"a":0,"k":[379,336.5,0],"ix":2},"a":{"a":0,"k":[379,336.5,0],"ix":1},"s":{"a":0,"k":[100,100,100],"ix":6}},"ao":0,"ip":18.000000733155,"op":20.0000008146167,"st":4.00000016292334,"bm":0},{"ddd":0,"ind":2,"ty":2,"nm":"Layer 5 copy 4","refId":"image_1","sr":1,"ks":{"o":{"a":0,"k":100,"ix":11},"r":{"a":0,"k":0,"ix":10},"p":{"a":0,"k":[379,336.5,0],"ix":2},"a":{"a":0,"k":[379,336.5,0],"ix":1},"s":{"a":0,"k":[100,100,100],"ix":6}},"ao":0,"ip":16.0000006516934,"op":18.000000733155,"st":4.00000016292334,"bm":0},{"ddd":0,"ind":3,"ty":2,"nm":"Layer 5 copy 2","refId":"image_2","sr":1,"ks":{"o":{"a":0,"k":100,"ix":11},"r":{"a":0,"k":0,"ix":10},"p":{"a":0,"k":[379,336.5,0],"ix":2},"a":{"a":0,"k":[379,336.5,0],"ix":1},"s":{"a":0,"k":[100,100,100],"ix":6}},"ao":0,"ip":14.0000005702317,"op":16.0000006516934,"st":4.00000016292334,"bm":0},{"ddd":0,"ind":4,"ty":2,"nm":"Layer 5 copy","refId":"image_3","sr":1,"ks":{"o":{"a":0,"k":100,"ix":11},"r":{"a":0,"k":0,"ix":10},"p":{"a":0,"k":[379,336.5,0],"ix":2},"a":{"a":0,"k":[379,336.5,0],"ix":1},"s":{"a":0,"k":[100,100,100],"ix":6}},"ao":0,"ip":12.00000048877,"op":14.0000005702317,"st":4.00000016292334,"bm":0},{"ddd":0,"ind":5,"ty":2,"nm":"Layer 5","refId":"image_4","sr":1,"ks":{"o":{"a":0,"k":100,"ix":11},"r":{"a":0,"k":0,"ix":10},"p":{"a":0,"k":[379,336.5,0],"ix":2},"a":{"a":0,"k":[379,336.5,0],"ix":1},"s":{"a":0,"k":[100,100,100],"ix":6}},"ao":0,"ip":10.0000004073083,"op":12.00000048877,"st":4.00000016292334,"bm":0},{"ddd":0,"ind":6,"ty":2,"nm":"Layer 4 copy","refId":"image_5","sr":1,"ks":{"o":{"a":0,"k":100,"ix":11},"r":{"a":0,"k":0,"ix":10},"p":{"a":0,"k":[386.5,475,0],"ix":2},"a":{"a":0,"k":[204.5,174,0],"ix":1},"s":{"a":1,"k":[{"i":{"x":[0.833,0.833,0.833],"y":[0.833,0.833,0.833]},"o":{"x":[0.167,0.167,0.167],"y":[0.167,0.167,0.167]},"n":["0p833_0p833_0p167_0p167","0p833_0p833_0p167_0p167","0p833_0p833_0p167_0p167"],"t":2,"s":[20,20,100],"e":[110,110,100]},{"i":{"x":[0.833,0.833,0.833],"y":[0.833,0.833,0.833]},"o":{"x":[0.167,0.167,0.167],"y":[0.167,0.167,0.167]},"n":["0p833_0p833_0p167_0p167","0p833_0p833_0p167_0p167","0p833_0p833_0p167_0p167"],"t":3,"s":[110,110,100],"e":[110,110,100]},{"i":{"x":[0.833,0.833,0.833],"y":[0.833,0.833,0.833]},"o":{"x":[0.167,0.167,0.167],"y":[0.167,0.167,0.167]},"n":["0p833_0p833_0p167_0p167","0p833_0p833_0p167_0p167","0p833_0p833_0p167_0p167"],"t":5,"s":[110,110,100],"e":[100,100,100]},{"i":{"x":[0.833,0.833,0.833],"y":[0.833,0.833,0.833]},"o":{"x":[0.167,0.167,0.167],"y":[0.167,0.167,0.167]},"n":["0p833_0p833_0p167_0p167","0p833_0p833_0p167_0p167","0p833_0p833_0p167_0p167"],"t":6,"s":[100,100,100],"e":[100,100,100]},{"i":{"x":[0.833,0.833,0.833],"y":[0.833,0.833,0.833]},"o":{"x":[0.167,0.167,0.167],"y":[0.167,0.167,0.167]},"n":["0p833_0p833_0p167_0p167","0p833_0p833_0p167_0p167","0p833_0p833_0p167_0p167"],"t":21,"s":[100,100,100],"e":[110,110,100]},{"i":{"x":[0.833,0.833,0.833],"y":[0.833,0.833,0.833]},"o":{"x":[0.167,0.167,0.167],"y":[0.167,0.167,0.167]},"n":["0p833_0p833_0p167_0p167","0p833_0p833_0p167_0p167","0p833_0p833_0p167_0p167"],"t":22,"s":[110,110,100],"e":[110,110,100]},{"i":{"x":[0.833,0.833,0.833],"y":[0.833,0.833,0.833]},"o":{"x":[0.167,0.167,0.167],"y":[0.167,0.167,0.167]},"n":["0p833_0p833_0p167_0p167","0p833_0p833_0p167_0p167","0p833_0p833_0p167_0p167"],"t":24,"s":[110,110,100],"e":[20,20,100]},{"t":25.0000010182709}],"ix":6}},"ao":0,"ip":0,"op":27.0000010997325,"st":0,"bm":0},{"ddd":0,"ind":7,"ty":2,"nm":"Layer 3","refId":"image_6","sr":1,"ks":{"o":{"a":1,"k":[{"i":{"x":[0.833],"y":[0.833]},"o":{"x":[0.167],"y":[0.167]},"n":["0p833_0p833_0p167_0p167"],"t":0,"s":[0],"e":[100]},{"i":{"x":[0.833],"y":[0.833]},"o":{"x":[0.167],"y":[0.167]},"n":["0p833_0p833_0p167_0p167"],"t":13,"s":[100],"e":[0]},{"t":26.0000010590017}],"ix":11},"r":{"a":0,"k":0,"ix":10},"p":{"a":0,"k":[333.5,472.5,0],"ix":2},"a":{"a":0,"k":[178.5,178.5,0],"ix":1},"s":{"a":0,"k":[100,100,100],"ix":6}},"ao":0,"ip":0,"op":27.0000010997325,"st":0,"bm":0}],"markers":[]}