{"v":"5.2.1","fr":29.9700012207031,"ip":0,"op":36.0000014663101,"w":758,"h":673,"nm":"Delay","ddd":0,"assets":[{"id":"image_0","w":758,"h":673,"u":"images/","p":"Layer_4_copy_2_Delay.png","e":0},{"id":"image_1","w":758,"h":673,"u":"images/","p":"Layer_4_copy_Delay.png","e":0},{"id":"image_2","w":758,"h":673,"u":"images/","p":"Layer_4_Delay.png","e":0},{"id":"image_3","w":758,"h":673,"u":"images/","p":"Layer_3_copy_7_Delay.png","e":0},{"id":"image_4","w":758,"h":673,"u":"images/","p":"Layer_2_copy_7_Delay.png","e":0},{"id":"image_5","w":758,"h":673,"u":"images/","p":"Layer_3_copy_6_Delay.png","e":0},{"id":"image_6","w":758,"h":673,"u":"images/","p":"Layer_2_copy_6_Delay.png","e":0},{"id":"image_7","w":758,"h":673,"u":"images/","p":"Layer_3_copy_5_Delay.png","e":0},{"id":"image_8","w":758,"h":673,"u":"images/","p":"Layer_2_copy_5_Delay.png","e":0},{"id":"image_9","w":758,"h":673,"u":"images/","p":"Layer_3_copy_3_Delay.png","e":0},{"id":"image_10","w":758,"h":673,"u":"images/","p":"Layer_2_copy_3_Delay.png","e":0},{"id":"image_11","w":758,"h":673,"u":"images/","p":"Layer_3_copy_Delay.png","e":0},{"id":"image_12","w":758,"h":673,"u":"images/","p":"Layer_2_Delay.png","e":0}],"layers":[{"ddd":0,"ind":1,"ty":2,"nm":"Layer 4 copy 2","refId":"image_0","sr":1,"ks":{"o":{"a":0,"k":100,"ix":11},"r":{"a":0,"k":0,"ix":10},"p":{"a":0,"k":[379,336.5,0],"ix":2},"a":{"a":0,"k":[379,336.5,0],"ix":1},"s":{"a":0,"k":[100,100,100],"ix":6}},"ao":0,"ip":33.0000013441176,"op":36.0000014663101,"st":0,"bm":0},{"ddd":0,"ind":2,"ty":2,"nm":"Layer 4 copy","refId":"image_1","sr":1,"ks":{"o":{"a":0,"k":100,"ix":11},"r":{"a":0,"k":0,"ix":10},"p":{"a":0,"k":[379,336.5,0],"ix":2},"a":{"a":0,"k":[379,336.5,0],"ix":1},"s":{"a":0,"k":[100,100,100],"ix":6}},"ao":0,"ip":30.0000012219251,"op":33.0000013441176,"st":0,"bm":0},{"ddd":0,"ind":3,"ty":2,"nm":"Layer 4","refId":"image_2","sr":1,"ks":{"o":{"a":0,"k":100,"ix":11},"r":{"a":0,"k":0,"ix":10},"p":{"a":0,"k":[379,336.5,0],"ix":2},"a":{"a":0,"k":[379,336.5,0],"ix":1},"s":{"a":0,"k":[100,100,100],"ix":6}},"ao":0,"ip":6.00000024438501,"op":30.0000012219251,"st":0,"bm":0},{"ddd":0,"ind":4,"ty":2,"nm":"Layer 3 copy 7","refId":"image_3","sr":1,"ks":{"o":{"a":0,"k":100,"ix":11},"r":{"a":0,"k":0,"ix":10},"p":{"a":0,"k":[379,336.5,0],"ix":2},"a":{"a":0,"k":[379,336.5,0],"ix":1},"s":{"a":0,"k":[100,100,100],"ix":6}},"ao":0,"ip":15.0000006109625,"op":30.0000012219251,"st":0,"bm":0},{"ddd":0,"ind":5,"ty":2,"nm":"Layer 2 copy 7","refId":"image_4","sr":1,"ks":{"o":{"a":0,"k":100,"ix":11},"r":{"a":0,"k":0,"ix":10},"p":{"a":0,"k":[379,336.5,0],"ix":2},"a":{"a":0,"k":[379,336.5,0],"ix":1},"s":{"a":0,"k":[100,100,100],"ix":6}},"ao":0,"ip":15.0000006109625,"op":30.0000012219251,"st":0,"bm":0},{"ddd":0,"ind":6,"ty":2,"nm":"Layer 3 copy 6","refId":"image_5","sr":1,"ks":{"o":{"a":0,"k":100,"ix":11},"r":{"a":0,"k":0,"ix":10},"p":{"a":0,"k":[379,336.5,0],"ix":2},"a":{"a":0,"k":[379,336.5,0],"ix":1},"s":{"a":0,"k":[100,100,100],"ix":6}},"ao":0,"ip":12.00000048877,"op":15.0000006109625,"st":0,"bm":0},{"ddd":0,"ind":7,"ty":2,"nm":"Layer 2 copy 6","refId":"image_6","sr":1,"ks":{"o":{"a":0,"k":100,"ix":11},"r":{"a":0,"k":0,"ix":10},"p":{"a":0,"k":[379,336.5,0],"ix":2},"a":{"a":0,"k":[379,336.5,0],"ix":1},"s":{"a":0,"k":[100,100,100],"ix":6}},"ao":0,"ip":12.00000048877,"op":15.0000006109625,"st":0,"bm":0},{"ddd":0,"ind":8,"ty":2,"nm":"Layer 3 copy 5","refId":"image_7","sr":1,"ks":{"o":{"a":0,"k":100,"ix":11},"r":{"a":0,"k":0,"ix":10},"p":{"a":0,"k":[379,336.5,0],"ix":2},"a":{"a":0,"k":[379,336.5,0],"ix":1},"s":{"a":0,"k":[100,100,100],"ix":6}},"ao":0,"ip":9.00000036657752,"op":12.00000048877,"st":0,"bm":0},{"ddd":0,"ind":9,"ty":2,"nm":"Layer 2 copy 5","refId":"image_8","sr":1,"ks":{"o":{"a":0,"k":100,"ix":11},"r":{"a":0,"k":0,"ix":10},"p":{"a":0,"k":[379,336.5,0],"ix":2},"a":{"a":0,"k":[379,336.5,0],"ix":1},"s":{"a":0,"k":[100,100,100],"ix":6}},"ao":0,"ip":9.00000036657752,"op":12.00000048877,"st":0,"bm":0},{"ddd":0,"ind":12,"ty":2,"nm":"Layer 3 copy 3","refId":"image_9","sr":1,"ks":{"o":{"a":0,"k":100,"ix":11},"r":{"a":0,"k":0,"ix":10},"p":{"a":0,"k":[379,336.5,0],"ix":2},"a":{"a":0,"k":[379,336.5,0],"ix":1},"s":{"a":0,"k":[100,100,100],"ix":6}},"ao":0,"ip":6.00000024438501,"op":9.00000036657752,"st":0,"bm":0},{"ddd":0,"ind":13,"ty":2,"nm":"Layer 2 copy 3","refId":"image_10","sr":1,"ks":{"o":{"a":0,"k":100,"ix":11},"r":{"a":0,"k":0,"ix":10},"p":{"a":0,"k":[379,336.5,0],"ix":2},"a":{"a":0,"k":[379,336.5,0],"ix":1},"s":{"a":0,"k":[100,100,100],"ix":6}},"ao":0,"ip":6.00000024438501,"op":9.00000036657752,"st":0,"bm":0},{"ddd":0,"ind":14,"ty":2,"nm":"Layer 3 copy","refId":"image_11","sr":1,"ks":{"o":{"a":0,"k":100,"ix":11},"r":{"a":0,"k":0,"ix":10},"p":{"a":0,"k":[379,336.5,0],"ix":2},"a":{"a":0,"k":[379,336.5,0],"ix":1},"s":{"a":0,"k":[100,100,100],"ix":6}},"ao":0,"ip":3.00000012219251,"op":6.00000024438501,"st":0,"bm":0},{"ddd":0,"ind":15,"ty":2,"nm":"Layer 2","refId":"image_12","sr":1,"ks":{"o":{"a":0,"k":100,"ix":11},"r":{"a":0,"k":0,"ix":10},"p":{"a":0,"k":[379,336.5,0],"ix":2},"a":{"a":0,"k":[379,336.5,0],"ix":1},"s":{"a":0,"k":[100,100,100],"ix":6}},"ao":0,"ip":0,"op":3.00000012219251,"st":0,"bm":0}],"markers":[]}