{"v":"5.2.1","fr":29.9700012207031,"ip":0,"op":48.0000019550801,"w":758,"h":673,"nm":"password","ddd":0,"assets":[{"id":"image_0","w":758,"h":673,"u":"images/","p":"Layer_6_copy_4_password.png","e":0},{"id":"image_1","w":758,"h":673,"u":"images/","p":"Layer_6_copy_3_password.png","e":0},{"id":"image_2","w":758,"h":673,"u":"images/","p":"Layer_6_copy_2_password.png","e":0},{"id":"image_3","w":758,"h":673,"u":"images/","p":"Layer_6_copy_password.png","e":0},{"id":"image_4","w":758,"h":673,"u":"images/","p":"Layer_6_password.png","e":0},{"id":"image_5","w":758,"h":673,"u":"images/","p":"Layer_4_copy_8_password.png","e":0},{"id":"image_6","w":758,"h":673,"u":"images/","p":"Layer_4_copy_7_password.png","e":0},{"id":"image_7","w":758,"h":673,"u":"images/","p":"Layer_4_copy_6_password.png","e":0},{"id":"image_8","w":758,"h":673,"u":"images/","p":"Layer_4_copy_3_password.png","e":0},{"id":"image_9","w":758,"h":673,"u":"images/","p":"Layer_4_copy_5_password.png","e":0},{"id":"image_10","w":758,"h":673,"u":"images/","p":"Layer_4_copy_4_password.png","e":0},{"id":"image_11","w":758,"h":673,"u":"images/","p":"Layer_7_copy_2_password.png","e":0},{"id":"image_12","w":758,"h":673,"u":"images/","p":"Layer_7_copy_password.png","e":0},{"id":"image_13","w":758,"h":673,"u":"images/","p":"Layer_7_password.png","e":0},{"id":"image_14","w":758,"h":673,"u":"images/","p":"Layer_4_copy_17_password.png","e":0},{"id":"image_15","w":758,"h":673,"u":"images/","p":"Layer_4_copy_16_password.png","e":0},{"id":"image_16","w":758,"h":673,"u":"images/","p":"Layer_4_copy_15_password.png","e":0},{"id":"image_17","w":758,"h":673,"u":"images/","p":"Layer_4_copy_14_password.png","e":0},{"id":"image_18","w":758,"h":673,"u":"images/","p":"Layer_4_copy_13_password.png","e":0},{"id":"image_19","w":758,"h":673,"u":"images/","p":"Layer_4_copy_12_password.png","e":0},{"id":"image_20","w":758,"h":673,"u":"images/","p":"Layer_4_copy_10_password.png","e":0},{"id":"image_21","w":758,"h":673,"u":"images/","p":"Layer_4_copy_9_password.png","e":0},{"id":"image_22","w":758,"h":673,"u":"images/","p":"Layer_4_copy_11_password.png","e":0},{"id":"image_23","w":758,"h":673,"u":"images/","p":"Layer_5_copy_2_password.png","e":0},{"id":"image_24","w":758,"h":673,"u":"images/","p":"Layer_5_copy_password.png","e":0},{"id":"image_25","w":758,"h":673,"u":"images/","p":"Layer_5_password.png","e":0},{"id":"image_26","w":758,"h":673,"u":"images/","p":"Layer_4_copy_2_password.png","e":0},{"id":"image_27","w":758,"h":673,"u":"images/","p":"Layer_4_copy_password.png","e":0},{"id":"image_28","w":758,"h":673,"u":"images/","p":"Layer_4_password.png","e":0},{"id":"image_29","w":758,"h":673,"u":"images/","p":"Layer_3_copy_2_password.png","e":0},{"id":"image_30","w":758,"h":673,"u":"images/","p":"Layer_3_password.png","e":0},{"id":"image_31","w":758,"h":673,"u":"images/","p":"Layer_2_password.png","e":0}],"layers":[{"ddd":0,"ind":1,"ty":2,"nm":"Layer 6 copy 4","refId":"image_0","sr":1,"ks":{"o":{"a":0,"k":100,"ix":11},"r":{"a":0,"k":0,"ix":10},"p":{"a":0,"k":[379,336.5,0],"ix":2},"a":{"a":0,"k":[379,336.5,0],"ix":1},"s":{"a":0,"k":[100,100,100],"ix":6}},"ao":0,"ip":45.0000018328876,"op":48.0000019550801,"st":0,"bm":0},{"ddd":0,"ind":2,"ty":2,"nm":"Layer 6 copy 3","refId":"image_1","sr":1,"ks":{"o":{"a":0,"k":100,"ix":11},"r":{"a":0,"k":0,"ix":10},"p":{"a":0,"k":[379,336.5,0],"ix":2},"a":{"a":0,"k":[379,336.5,0],"ix":1},"s":{"a":0,"k":[100,100,100],"ix":6}},"ao":0,"ip":42.0000017106951,"op":45.0000018328876,"st":0,"bm":0},{"ddd":0,"ind":3,"ty":2,"nm":"Layer 6 copy 2","refId":"image_2","sr":1,"ks":{"o":{"a":0,"k":100,"ix":11},"r":{"a":0,"k":0,"ix":10},"p":{"a":0,"k":[379,336.5,0],"ix":2},"a":{"a":0,"k":[379,336.5,0],"ix":1},"s":{"a":0,"k":[100,100,100],"ix":6}},"ao":0,"ip":24.00000097754,"op":42.0000017106951,"st":0,"bm":0},{"ddd":0,"ind":4,"ty":2,"nm":"Layer 6 copy","refId":"image_3","sr":1,"ks":{"o":{"a":0,"k":100,"ix":11},"r":{"a":0,"k":0,"ix":10},"p":{"a":0,"k":[379,336.5,0],"ix":2},"a":{"a":0,"k":[379,336.5,0],"ix":1},"s":{"a":0,"k":[100,100,100],"ix":6}},"ao":0,"ip":21.0000008553475,"op":24.00000097754,"st":0,"bm":0},{"ddd":0,"ind":5,"ty":2,"nm":"Layer 6","refId":"image_4","sr":1,"ks":{"o":{"a":0,"k":100,"ix":11},"r":{"a":0,"k":0,"ix":10},"p":{"a":0,"k":[379,336.5,0],"ix":2},"a":{"a":0,"k":[379,336.5,0],"ix":1},"s":{"a":0,"k":[100,100,100],"ix":6}},"ao":0,"ip":18.000000733155,"op":21.0000008553475,"st":0,"bm":0},{"ddd":0,"ind":6,"ty":2,"nm":"Layer 4 copy 8","refId":"image_5","sr":1,"ks":{"o":{"a":0,"k":100,"ix":11},"r":{"a":0,"k":0,"ix":10},"p":{"a":0,"k":[379,336.5,0],"ix":2},"a":{"a":0,"k":[379,336.5,0],"ix":1},"s":{"a":0,"k":[100,100,100],"ix":6}},"ao":0,"ip":15.0000006109625,"op":18.000000733155,"st":0,"bm":0},{"ddd":0,"ind":7,"ty":2,"nm":"Layer 4 copy 7","refId":"image_6","sr":1,"ks":{"o":{"a":0,"k":100,"ix":11},"r":{"a":0,"k":0,"ix":10},"p":{"a":0,"k":[379,336.5,0],"ix":2},"a":{"a":0,"k":[379,336.5,0],"ix":1},"s":{"a":0,"k":[100,100,100],"ix":6}},"ao":0,"ip":12.00000048877,"op":15.0000006109625,"st":0,"bm":0},{"ddd":0,"ind":8,"ty":2,"nm":"Layer 4 copy 6","refId":"image_7","sr":1,"ks":{"o":{"a":0,"k":100,"ix":11},"r":{"a":0,"k":0,"ix":10},"p":{"a":0,"k":[379,336.5,0],"ix":2},"a":{"a":0,"k":[379,336.5,0],"ix":1},"s":{"a":0,"k":[100,100,100],"ix":6}},"ao":0,"ip":9.00000036657752,"op":12.00000048877,"st":0,"bm":0},{"ddd":0,"ind":9,"ty":2,"nm":"Layer 4 copy 3","refId":"image_8","sr":1,"ks":{"o":{"a":0,"k":100,"ix":11},"r":{"a":0,"k":0,"ix":10},"p":{"a":0,"k":[379,336.5,0],"ix":2},"a":{"a":0,"k":[379,336.5,0],"ix":1},"s":{"a":0,"k":[100,100,100],"ix":6}},"ao":0,"ip":6.00000024438501,"op":9.00000036657752,"st":0,"bm":0},{"ddd":0,"ind":10,"ty":2,"nm":"Layer 4 copy 5","refId":"image_9","sr":1,"ks":{"o":{"a":0,"k":100,"ix":11},"r":{"a":0,"k":0,"ix":10},"p":{"a":0,"k":[379,336.5,0],"ix":2},"a":{"a":0,"k":[379,336.5,0],"ix":1},"s":{"a":0,"k":[100,100,100],"ix":6}},"ao":0,"ip":3.00000012219251,"op":6.00000024438501,"st":0,"bm":0},{"ddd":0,"ind":11,"ty":2,"nm":"Layer 4 copy 4","refId":"image_10","sr":1,"ks":{"o":{"a":0,"k":100,"ix":11},"r":{"a":0,"k":0,"ix":10},"p":{"a":0,"k":[379,336.5,0],"ix":2},"a":{"a":0,"k":[379,336.5,0],"ix":1},"s":{"a":0,"k":[100,100,100],"ix":6}},"ao":0,"ip":0,"op":3.00000012219251,"st":0,"bm":0},{"ddd":0,"ind":12,"ty":2,"nm":"Layer 7 copy 2","refId":"image_11","sr":1,"ks":{"o":{"a":0,"k":100,"ix":11},"r":{"a":0,"k":0,"ix":10},"p":{"a":0,"k":[379,336.5,0],"ix":2},"a":{"a":0,"k":[379,336.5,0],"ix":1},"s":{"a":0,"k":[100,100,100],"ix":6}},"ao":0,"ip":33.0000013441176,"op":42.0000017106951,"st":0,"bm":0},{"ddd":0,"ind":13,"ty":2,"nm":"Layer 7 copy","refId":"image_12","sr":1,"ks":{"o":{"a":0,"k":100,"ix":11},"r":{"a":0,"k":0,"ix":10},"p":{"a":0,"k":[379,336.5,0],"ix":2},"a":{"a":0,"k":[379,336.5,0],"ix":1},"s":{"a":0,"k":[100,100,100],"ix":6}},"ao":0,"ip":30.0000012219251,"op":33.0000013441176,"st":0,"bm":0},{"ddd":0,"ind":14,"ty":2,"nm":"Layer 7","refId":"image_13","sr":1,"ks":{"o":{"a":0,"k":100,"ix":11},"r":{"a":0,"k":0,"ix":10},"p":{"a":0,"k":[379,336.5,0],"ix":2},"a":{"a":0,"k":[379,336.5,0],"ix":1},"s":{"a":0,"k":[100,100,100],"ix":6}},"ao":0,"ip":27.0000010997325,"op":30.0000012219251,"st":0,"bm":0},{"ddd":0,"ind":15,"ty":2,"nm":"Layer 4 copy 17","refId":"image_14","sr":1,"ks":{"o":{"a":0,"k":100,"ix":11},"r":{"a":0,"k":0,"ix":10},"p":{"a":0,"k":[379,336.5,0],"ix":2},"a":{"a":0,"k":[379,336.5,0],"ix":1},"s":{"a":0,"k":[100,100,100],"ix":6}},"ao":0,"ip":24.00000097754,"op":27.0000010997325,"st":0,"bm":0},{"ddd":0,"ind":16,"ty":2,"nm":"Layer 4 copy 16","refId":"image_15","sr":1,"ks":{"o":{"a":0,"k":100,"ix":11},"r":{"a":0,"k":0,"ix":10},"p":{"a":0,"k":[379,336.5,0],"ix":2},"a":{"a":0,"k":[379,336.5,0],"ix":1},"s":{"a":0,"k":[100,100,100],"ix":6}},"ao":0,"ip":21.0000008553475,"op":24.00000097754,"st":0,"bm":0},{"ddd":0,"ind":17,"ty":2,"nm":"Layer 4 copy 15","refId":"image_16","sr":1,"ks":{"o":{"a":0,"k":100,"ix":11},"r":{"a":0,"k":0,"ix":10},"p":{"a":0,"k":[379,336.5,0],"ix":2},"a":{"a":0,"k":[379,336.5,0],"ix":1},"s":{"a":0,"k":[100,100,100],"ix":6}},"ao":0,"ip":18.000000733155,"op":21.0000008553475,"st":0,"bm":0},{"ddd":0,"ind":18,"ty":2,"nm":"Layer 4 copy 14","refId":"image_17","sr":1,"ks":{"o":{"a":0,"k":100,"ix":11},"r":{"a":0,"k":0,"ix":10},"p":{"a":0,"k":[379,336.5,0],"ix":2},"a":{"a":0,"k":[379,336.5,0],"ix":1},"s":{"a":0,"k":[100,100,100],"ix":6}},"ao":0,"ip":15.0000006109625,"op":18.000000733155,"st":0,"bm":0},{"ddd":0,"ind":19,"ty":2,"nm":"Layer 4 copy 13","refId":"image_18","sr":1,"ks":{"o":{"a":0,"k":100,"ix":11},"r":{"a":0,"k":0,"ix":10},"p":{"a":0,"k":[379,336.5,0],"ix":2},"a":{"a":0,"k":[379,336.5,0],"ix":1},"s":{"a":0,"k":[100,100,100],"ix":6}},"ao":0,"ip":12.00000048877,"op":15.0000006109625,"st":0,"bm":0},{"ddd":0,"ind":20,"ty":2,"nm":"Layer 4 copy 12","refId":"image_19","sr":1,"ks":{"o":{"a":0,"k":100,"ix":11},"r":{"a":0,"k":0,"ix":10},"p":{"a":0,"k":[379,336.5,0],"ix":2},"a":{"a":0,"k":[379,336.5,0],"ix":1},"s":{"a":0,"k":[100,100,100],"ix":6}},"ao":0,"ip":9.00000036657752,"op":12.00000048877,"st":0,"bm":0},{"ddd":0,"ind":21,"ty":2,"nm":"Layer 4 copy 10","refId":"image_20","sr":1,"ks":{"o":{"a":0,"k":100,"ix":11},"r":{"a":0,"k":0,"ix":10},"p":{"a":0,"k":[379,336.5,0],"ix":2},"a":{"a":0,"k":[379,336.5,0],"ix":1},"s":{"a":0,"k":[100,100,100],"ix":6}},"ao":0,"ip":6.00000024438501,"op":9.00000036657752,"st":0,"bm":0},{"ddd":0,"ind":22,"ty":2,"nm":"Layer 4 copy 9","refId":"image_21","sr":1,"ks":{"o":{"a":0,"k":100,"ix":11},"r":{"a":0,"k":0,"ix":10},"p":{"a":0,"k":[379,336.5,0],"ix":2},"a":{"a":0,"k":[379,336.5,0],"ix":1},"s":{"a":0,"k":[100,100,100],"ix":6}},"ao":0,"ip":3.00000012219251,"op":6.00000024438501,"st":0,"bm":0},{"ddd":0,"ind":23,"ty":2,"nm":"Layer 4 copy 11","refId":"image_22","sr":1,"ks":{"o":{"a":0,"k":100,"ix":11},"r":{"a":0,"k":0,"ix":10},"p":{"a":0,"k":[379,336.5,0],"ix":2},"a":{"a":0,"k":[379,336.5,0],"ix":1},"s":{"a":0,"k":[100,100,100],"ix":6}},"ao":0,"ip":0,"op":3.00000012219251,"st":0,"bm":0},{"ddd":0,"ind":24,"ty":2,"nm":"Layer 5 copy 2","refId":"image_23","sr":1,"ks":{"o":{"a":0,"k":100,"ix":11},"r":{"a":0,"k":0,"ix":10},"p":{"a":0,"k":[379,336.5,0],"ix":2},"a":{"a":0,"k":[379,336.5,0],"ix":1},"s":{"a":0,"k":[100,100,100],"ix":6}},"ao":0,"ip":15.0000006109625,"op":42.0000017106951,"st":0,"bm":0},{"ddd":0,"ind":25,"ty":2,"nm":"Layer 5 copy","refId":"image_24","sr":1,"ks":{"o":{"a":0,"k":100,"ix":11},"r":{"a":0,"k":0,"ix":10},"p":{"a":0,"k":[379,336.5,0],"ix":2},"a":{"a":0,"k":[379,336.5,0],"ix":1},"s":{"a":0,"k":[100,100,100],"ix":6}},"ao":0,"ip":12.00000048877,"op":15.0000006109625,"st":0,"bm":0},{"ddd":0,"ind":26,"ty":2,"nm":"Layer 5","refId":"image_25","sr":1,"ks":{"o":{"a":0,"k":100,"ix":11},"r":{"a":0,"k":0,"ix":10},"p":{"a":0,"k":[379,336.5,0],"ix":2},"a":{"a":0,"k":[379,336.5,0],"ix":1},"s":{"a":0,"k":[100,100,100],"ix":6}},"ao":0,"ip":9.00000036657752,"op":12.00000048877,"st":0,"bm":0},{"ddd":0,"ind":27,"ty":2,"nm":"Layer 4 copy 2","refId":"image_26","sr":1,"ks":{"o":{"a":0,"k":100,"ix":11},"r":{"a":0,"k":0,"ix":10},"p":{"a":0,"k":[379,336.5,0],"ix":2},"a":{"a":0,"k":[379,336.5,0],"ix":1},"s":{"a":0,"k":[100,100,100],"ix":6}},"ao":0,"ip":6.00000024438501,"op":9.00000036657752,"st":0,"bm":0},{"ddd":0,"ind":28,"ty":2,"nm":"Layer 4 copy","refId":"image_27","sr":1,"ks":{"o":{"a":0,"k":100,"ix":11},"r":{"a":0,"k":0,"ix":10},"p":{"a":0,"k":[379,336.5,0],"ix":2},"a":{"a":0,"k":[379,336.5,0],"ix":1},"s":{"a":0,"k":[100,100,100],"ix":6}},"ao":0,"ip":3.00000012219251,"op":6.00000024438501,"st":0,"bm":0},{"ddd":0,"ind":29,"ty":2,"nm":"Layer 4","refId":"image_28","sr":1,"ks":{"o":{"a":0,"k":100,"ix":11},"r":{"a":0,"k":0,"ix":10},"p":{"a":0,"k":[379,336.5,0],"ix":2},"a":{"a":0,"k":[379,336.5,0],"ix":1},"s":{"a":0,"k":[100,100,100],"ix":6}},"ao":0,"ip":0,"op":3.00000012219251,"st":0,"bm":0},{"ddd":0,"ind":30,"ty":2,"nm":"Layer 3 copy 2","refId":"image_29","sr":1,"ks":{"o":{"a":0,"k":100,"ix":11},"r":{"a":0,"k":0,"ix":10},"p":{"a":0,"k":[379,336.5,0],"ix":2},"a":{"a":0,"k":[379,336.5,0],"ix":1},"s":{"a":0,"k":[100,100,100],"ix":6}},"ao":0,"ip":0,"op":42.0000017106951,"st":0,"bm":0},{"ddd":0,"ind":31,"ty":2,"nm":"Layer 3","refId":"image_30","sr":1,"ks":{"o":{"a":0,"k":100,"ix":11},"r":{"a":0,"k":0,"ix":10},"p":{"a":0,"k":[379,336.5,0],"ix":2},"a":{"a":0,"k":[379,336.5,0],"ix":1},"s":{"a":0,"k":[100,100,100],"ix":6}},"ao":0,"ip":0,"op":42.0000017106951,"st":0,"bm":0},{"ddd":0,"ind":32,"ty":2,"nm":"Layer 2","refId":"image_31","sr":1,"ks":{"o":{"a":0,"k":100,"ix":11},"r":{"a":0,"k":0,"ix":10},"p":{"a":0,"k":[379,336.5,0],"ix":2},"a":{"a":0,"k":[379,336.5,0],"ix":1},"s":{"a":0,"k":[100,100,100],"ix":6}},"ao":0,"ip":0,"op":42.0000017106951,"st":0,"bm":0}],"markers":[]}