{"v":"5.2.1","fr":29.9700012207031,"ip":0,"op":24.00000097754,"w":758,"h":673,"nm":"scorch","ddd":0,"assets":[{"id":"image_0","w":758,"h":673,"u":"images/","p":"Layer_3_scorch.png","e":0},{"id":"image_1","w":758,"h":673,"u":"images/","p":"Layer_2_copy_5_scorch.png","e":0},{"id":"image_2","w":758,"h":673,"u":"images/","p":"Layer_2_copy_4_scorch.png","e":0},{"id":"image_3","w":758,"h":673,"u":"images/","p":"Layer_2_copy_3_scorch.png","e":0},{"id":"image_4","w":758,"h":673,"u":"images/","p":"Layer_2_copy_2_scorch.png","e":0},{"id":"image_5","w":758,"h":673,"u":"images/","p":"Layer_2_copy_scorch.png","e":0},{"id":"image_6","w":758,"h":673,"u":"images/","p":"Layer_2_scorch.png","e":0}],"layers":[{"ddd":0,"ind":1,"ty":2,"nm":"Layer 3","refId":"image_0","sr":1,"ks":{"o":{"a":1,"k":[{"i":{"x":[0.833],"y":[0.833]},"o":{"x":[0.167],"y":[0.167]},"n":["0p833_0p833_0p167_0p167"],"t":0,"s":[0],"e":[100]},{"i":{"x":[0.833],"y":[0.833]},"o":{"x":[0.167],"y":[0.167]},"n":["0p833_0p833_0p167_0p167"],"t":12,"s":[100],"e":[0]},{"t":24.00000097754}],"ix":11},"r":{"a":0,"k":0,"ix":10},"p":{"a":0,"k":[379,336.5,0],"ix":2},"a":{"a":0,"k":[379,336.5,0],"ix":1},"s":{"a":0,"k":[100,100,100],"ix":6}},"ao":0,"ip":0,"op":24.00000097754,"st":0,"bm":0},{"ddd":0,"ind":2,"ty":2,"nm":"Layer 2 copy 5","refId":"image_1","sr":1,"ks":{"o":{"a":0,"k":100,"ix":11},"r":{"a":0,"k":0,"ix":10},"p":{"a":0,"k":[379,336.5,0],"ix":2},"a":{"a":0,"k":[379,336.5,0],"ix":1},"s":{"a":0,"k":[100,100,100],"ix":6}},"ao":0,"ip":15.0000006109625,"op":18.000000733155,"st":0,"bm":0},{"ddd":0,"ind":3,"ty":2,"nm":"Layer 2 copy 4","refId":"image_2","sr":1,"ks":{"o":{"a":0,"k":100,"ix":11},"r":{"a":0,"k":0,"ix":10},"p":{"a":0,"k":[379,336.5,0],"ix":2},"a":{"a":0,"k":[379,336.5,0],"ix":1},"s":{"a":0,"k":[100,100,100],"ix":6}},"ao":0,"ip":12.00000048877,"op":15.0000006109625,"st":0,"bm":0},{"ddd":0,"ind":4,"ty":2,"nm":"Layer 2 copy 3","refId":"image_3","sr":1,"ks":{"o":{"a":0,"k":100,"ix":11},"r":{"a":0,"k":0,"ix":10},"p":{"a":0,"k":[379,336.5,0],"ix":2},"a":{"a":0,"k":[379,336.5,0],"ix":1},"s":{"a":0,"k":[100,100,100],"ix":6}},"ao":0,"ip":9.00000036657752,"op":12.00000048877,"st":0,"bm":0},{"ddd":0,"ind":5,"ty":2,"nm":"Layer 2 copy 2","refId":"image_4","sr":1,"ks":{"o":{"a":0,"k":100,"ix":11},"r":{"a":0,"k":0,"ix":10},"p":{"a":0,"k":[379,336.5,0],"ix":2},"a":{"a":0,"k":[379,336.5,0],"ix":1},"s":{"a":0,"k":[100,100,100],"ix":6}},"ao":0,"ip":6.00000024438501,"op":9.00000036657752,"st":0,"bm":0},{"ddd":0,"ind":6,"ty":2,"nm":"Layer 2 copy","refId":"image_5","sr":1,"ks":{"o":{"a":0,"k":100,"ix":11},"r":{"a":0,"k":0,"ix":10},"p":{"a":0,"k":[379,336.5,0],"ix":2},"a":{"a":0,"k":[379,336.5,0],"ix":1},"s":{"a":0,"k":[100,100,100],"ix":6}},"ao":0,"ip":3.00000012219251,"op":6.00000024438501,"st":0,"bm":0},{"ddd":0,"ind":7,"ty":2,"nm":"Layer 2","refId":"image_6","sr":1,"ks":{"o":{"a":0,"k":100,"ix":11},"r":{"a":0,"k":0,"ix":10},"p":{"a":0,"k":[379,336.5,0],"ix":2},"a":{"a":0,"k":[379,336.5,0],"ix":1},"s":{"a":0,"k":[100,100,100],"ix":6}},"ao":0,"ip":0,"op":3.00000012219251,"st":0,"bm":0}],"markers":[]}