{"v":"5.2.1","fr":29.9700012207031,"ip":0,"op":30.0000012219251,"w":992,"h":881,"nm":"simplify","ddd":0,"assets":[{"id":"image_0","w":992,"h":881,"u":"images/","p":"Layer_4_copy_3_simplify.png","e":0},{"id":"image_1","w":992,"h":881,"u":"images/","p":"Layer_4_copy_4_simplify.png","e":0},{"id":"image_2","w":992,"h":881,"u":"images/","p":"Layer_4_copy_2_simplify.png","e":0},{"id":"image_3","w":992,"h":881,"u":"images/","p":"Layer_4_copy_simplify.png","e":0},{"id":"image_4","w":992,"h":881,"u":"images/","p":"Layer_4_simplify.png","e":0},{"id":"image_5","w":992,"h":881,"u":"images/","p":"Layer_5_copy_4_simplify.png","e":0},{"id":"image_6","w":992,"h":881,"u":"images/","p":"Layer_3_copy_4_simplify.png","e":0},{"id":"image_7","w":992,"h":881,"u":"images/","p":"Layer_3_copy_3_simplify.png","e":0},{"id":"image_8","w":992,"h":881,"u":"images/","p":"Layer_5_copy_3_simplify.png","e":0},{"id":"image_9","w":992,"h":881,"u":"images/","p":"Layer_5_copy_2_simplify.png","e":0},{"id":"image_10","w":992,"h":881,"u":"images/","p":"Layer_5_copy_simplify.png","e":0},{"id":"image_11","w":992,"h":881,"u":"images/","p":"Layer_5_simplify.png","e":0},{"id":"image_12","w":992,"h":881,"u":"images/","p":"Layer_3_copy_2_simplify.png","e":0},{"id":"image_13","w":992,"h":881,"u":"images/","p":"Layer_3_copy_simplify.png","e":0},{"id":"image_14","w":992,"h":881,"u":"images/","p":"Layer_3_simplify.png","e":0}],"layers":[{"ddd":0,"ind":1,"ty":2,"nm":"Layer 4 copy 3","refId":"image_0","sr":1,"ks":{"o":{"a":0,"k":100,"ix":11},"r":{"a":0,"k":0,"ix":10},"p":{"a":0,"k":[496,440.5,0],"ix":2},"a":{"a":0,"k":[496,440.5,0],"ix":1},"s":{"a":0,"k":[100,100,100],"ix":6}},"ao":0,"ip":15.0000006109625,"op":18.000000733155,"st":0,"bm":0},{"ddd":0,"ind":2,"ty":2,"nm":"Layer 4 copy 4","refId":"image_1","sr":1,"ks":{"o":{"a":0,"k":100,"ix":11},"r":{"a":0,"k":0,"ix":10},"p":{"a":0,"k":[496,440.5,0],"ix":2},"a":{"a":0,"k":[496,440.5,0],"ix":1},"s":{"a":0,"k":[100,100,100],"ix":6}},"ao":0,"ip":12.00000048877,"op":15.0000006109625,"st":0,"bm":0},{"ddd":0,"ind":3,"ty":2,"nm":"Layer 4 copy 2","refId":"image_2","sr":1,"ks":{"o":{"a":0,"k":100,"ix":11},"r":{"a":0,"k":0,"ix":10},"p":{"a":0,"k":[496,440.5,0],"ix":2},"a":{"a":0,"k":[496,440.5,0],"ix":1},"s":{"a":0,"k":[100,100,100],"ix":6}},"ao":0,"ip":9.00000036657752,"op":12.00000048877,"st":0,"bm":0},{"ddd":0,"ind":4,"ty":2,"nm":"Layer 4 copy","refId":"image_3","sr":1,"ks":{"o":{"a":0,"k":100,"ix":11},"r":{"a":0,"k":0,"ix":10},"p":{"a":0,"k":[496,440.5,0],"ix":2},"a":{"a":0,"k":[496,440.5,0],"ix":1},"s":{"a":0,"k":[100,100,100],"ix":6}},"ao":0,"ip":6.00000024438501,"op":9.00000036657752,"st":0,"bm":0},{"ddd":0,"ind":5,"ty":2,"nm":"Layer 4","refId":"image_4","sr":1,"ks":{"o":{"a":0,"k":100,"ix":11},"r":{"a":0,"k":0,"ix":10},"p":{"a":0,"k":[496,440.5,0],"ix":2},"a":{"a":0,"k":[496,440.5,0],"ix":1},"s":{"a":0,"k":[100,100,100],"ix":6}},"ao":0,"ip":3.00000012219251,"op":6.00000024438501,"st":0,"bm":0},{"ddd":0,"ind":6,"ty":2,"nm":"Layer 5 copy 4","refId":"image_5","sr":1,"ks":{"o":{"a":0,"k":100,"ix":11},"r":{"a":0,"k":0,"ix":10},"p":{"a":0,"k":[496,440.5,0],"ix":2},"a":{"a":0,"k":[496,440.5,0],"ix":1},"s":{"a":0,"k":[100,100,100],"ix":6}},"ao":0,"ip":18.000000733155,"op":21.0000008553475,"st":0,"bm":0},{"ddd":0,"ind":7,"ty":2,"nm":"Layer 3 copy 4","refId":"image_6","sr":1,"ks":{"o":{"a":0,"k":100,"ix":11},"r":{"a":0,"k":0,"ix":10},"p":{"a":0,"k":[496,440.5,0],"ix":2},"a":{"a":0,"k":[496,440.5,0],"ix":1},"s":{"a":0,"k":[100,100,100],"ix":6}},"ao":0,"ip":24.00000097754,"op":27.0000010997325,"st":0,"bm":0},{"ddd":0,"ind":8,"ty":2,"nm":"Layer 3 copy 3","refId":"image_7","sr":1,"ks":{"o":{"a":0,"k":100,"ix":11},"r":{"a":0,"k":0,"ix":10},"p":{"a":0,"k":[496,440.5,0],"ix":2},"a":{"a":0,"k":[496,440.5,0],"ix":1},"s":{"a":0,"k":[100,100,100],"ix":6}},"ao":0,"ip":27.0000010997325,"op":30.0000012219251,"st":0,"bm":0},{"ddd":0,"ind":9,"ty":2,"nm":"Layer 5 copy 3","refId":"image_8","sr":1,"ks":{"o":{"a":0,"k":100,"ix":11},"r":{"a":0,"k":0,"ix":10},"p":{"a":0,"k":[496,440.5,0],"ix":2},"a":{"a":0,"k":[496,440.5,0],"ix":1},"s":{"a":0,"k":[100,100,100],"ix":6}},"ao":0,"ip":15.0000006109625,"op":18.000000733155,"st":0,"bm":0},{"ddd":0,"ind":10,"ty":2,"nm":"Layer 5 copy 2","refId":"image_9","sr":1,"ks":{"o":{"a":0,"k":100,"ix":11},"r":{"a":0,"k":0,"ix":10},"p":{"a":0,"k":[496,440.5,0],"ix":2},"a":{"a":0,"k":[496,440.5,0],"ix":1},"s":{"a":0,"k":[100,100,100],"ix":6}},"ao":0,"ip":12.00000048877,"op":15.0000006109625,"st":0,"bm":0},{"ddd":0,"ind":11,"ty":2,"nm":"Layer 5 copy","refId":"image_10","sr":1,"ks":{"o":{"a":0,"k":100,"ix":11},"r":{"a":0,"k":0,"ix":10},"p":{"a":0,"k":[496,440.5,0],"ix":2},"a":{"a":0,"k":[496,440.5,0],"ix":1},"s":{"a":0,"k":[100,100,100],"ix":6}},"ao":0,"ip":9.00000036657752,"op":12.00000048877,"st":0,"bm":0},{"ddd":0,"ind":12,"ty":2,"nm":"Layer 5","refId":"image_11","sr":1,"ks":{"o":{"a":0,"k":100,"ix":11},"r":{"a":0,"k":0,"ix":10},"p":{"a":0,"k":[496,440.5,0],"ix":2},"a":{"a":0,"k":[496,440.5,0],"ix":1},"s":{"a":0,"k":[100,100,100],"ix":6}},"ao":0,"ip":6.00000024438501,"op":9.00000036657752,"st":0,"bm":0},{"ddd":0,"ind":13,"ty":2,"nm":"Layer 3 copy 2","refId":"image_12","sr":1,"ks":{"o":{"a":0,"k":100,"ix":11},"r":{"a":0,"k":0,"ix":10},"p":{"a":0,"k":[496,440.5,0],"ix":2},"a":{"a":0,"k":[496,440.5,0],"ix":1},"s":{"a":0,"k":[100,100,100],"ix":6}},"ao":0,"ip":6.00000024438501,"op":24.00000097754,"st":0,"bm":0},{"ddd":0,"ind":14,"ty":2,"nm":"Layer 3 copy","refId":"image_13","sr":1,"ks":{"o":{"a":0,"k":100,"ix":11},"r":{"a":0,"k":0,"ix":10},"p":{"a":0,"k":[496,440.5,0],"ix":2},"a":{"a":0,"k":[496,440.5,0],"ix":1},"s":{"a":0,"k":[100,100,100],"ix":6}},"ao":0,"ip":3.00000012219251,"op":6.00000024438501,"st":0,"bm":0},{"ddd":0,"ind":15,"ty":2,"nm":"Layer 3","refId":"image_14","sr":1,"ks":{"o":{"a":0,"k":100,"ix":11},"r":{"a":0,"k":0,"ix":10},"p":{"a":0,"k":[496,440.5,0],"ix":2},"a":{"a":0,"k":[496,440.5,0],"ix":1},"s":{"a":0,"k":[100,100,100],"ix":6}},"ao":0,"ip":0,"op":3.00000012219251,"st":0,"bm":0}],"markers":[]}