{"v":"5.2.1","fr":30,"ip":0,"op":47,"w":980,"h":868,"nm":"Pre-comp 2","ddd":0,"assets":[{"id":"image_0","w":3840,"h":2160,"u":"images/","p":"Layer_3_copy_2_sting.png","e":0},{"id":"image_1","w":3840,"h":2160,"u":"images/","p":"Layer_3_copy_sting.png","e":0},{"id":"image_2","w":3840,"h":2160,"u":"images/","p":"Layer_3_sting.png","e":0},{"id":"image_3","w":3840,"h":2160,"u":"images/","p":"Layer_2_copy_7_sting.png","e":0},{"id":"image_4","w":3840,"h":2160,"u":"images/","p":"Layer_2_copy_5_sting.png","e":0},{"id":"image_5","w":3840,"h":2160,"u":"images/","p":"Layer_2_copy_6_sting.png","e":0},{"id":"image_6","w":3840,"h":2160,"u":"images/","p":"Layer_2_copy_4_sting.png","e":0},{"id":"image_7","w":3840,"h":2160,"u":"images/","p":"Layer_2_copy_sting.png","e":0},{"id":"image_8","w":3840,"h":2160,"u":"images/","p":"Layer_2_sting.png","e":0},{"id":"comp_0","layers":[{"ddd":0,"ind":1,"ty":2,"nm":"Layer 3 copy 2","refId":"image_0","sr":1,"ks":{"o":{"a":0,"k":100,"ix":11},"r":{"a":0,"k":0,"ix":10},"p":{"a":0,"k":[1920,1080,0],"ix":2},"a":{"a":0,"k":[1920,1080,0],"ix":1},"s":{"a":0,"k":[100,100,100],"ix":6}},"ao":0,"ip":12.012012012012,"op":15.015015015015,"st":0,"bm":0},{"ddd":0,"ind":2,"ty":2,"nm":"Layer 3 copy","refId":"image_1","sr":1,"ks":{"o":{"a":0,"k":100,"ix":11},"r":{"a":0,"k":0,"ix":10},"p":{"a":0,"k":[1920,1080,0],"ix":2},"a":{"a":0,"k":[1920,1080,0],"ix":1},"s":{"a":0,"k":[100,100,100],"ix":6}},"ao":0,"ip":9.00900900900901,"op":12.012012012012,"st":0,"bm":0},{"ddd":0,"ind":3,"ty":2,"nm":"Layer 3","refId":"image_2","sr":1,"ks":{"o":{"a":0,"k":100,"ix":11},"r":{"a":0,"k":0,"ix":10},"p":{"a":0,"k":[1920,1080,0],"ix":2},"a":{"a":0,"k":[1920,1080,0],"ix":1},"s":{"a":0,"k":[100,100,100],"ix":6}},"ao":0,"ip":6.00600600600601,"op":9.00900900900901,"st":0,"bm":0},{"ddd":0,"ind":4,"ty":2,"nm":"Layer 2 copy 7","refId":"image_3","sr":1,"ks":{"o":{"a":0,"k":100,"ix":11},"r":{"a":0,"k":0,"ix":10},"p":{"a":0,"k":[1920,1080,0],"ix":2},"a":{"a":0,"k":[1920,1080,0],"ix":1},"s":{"a":0,"k":[100,100,100],"ix":6}},"ao":0,"ip":15.015015015015,"op":18.018018018018,"st":0,"bm":0},{"ddd":0,"ind":5,"ty":2,"nm":"Layer 2 copy 5","refId":"image_4","sr":1,"ks":{"o":{"a":0,"k":100,"ix":11},"r":{"a":0,"k":0,"ix":10},"p":{"a":0,"k":[1920,1080,0],"ix":2},"a":{"a":0,"k":[1920,1080,0],"ix":1},"s":{"a":0,"k":[100,100,100],"ix":6}},"ao":0,"ip":12.012012012012,"op":15.015015015015,"st":0,"bm":0},{"ddd":0,"ind":6,"ty":2,"nm":"Layer 2 copy 6","refId":"image_5","sr":1,"ks":{"o":{"a":0,"k":100,"ix":11},"r":{"a":0,"k":0,"ix":10},"p":{"a":0,"k":[1920,1080,0],"ix":2},"a":{"a":0,"k":[1920,1080,0],"ix":1},"s":{"a":0,"k":[100,100,100],"ix":6}},"ao":0,"ip":9.00900900900901,"op":12.012012012012,"st":0,"bm":0},{"ddd":0,"ind":7,"ty":2,"nm":"Layer 2 copy 4","refId":"image_6","sr":1,"ks":{"o":{"a":0,"k":100,"ix":11},"r":{"a":0,"k":0,"ix":10},"p":{"a":0,"k":[1920,1080,0],"ix":2},"a":{"a":0,"k":[1920,1080,0],"ix":1},"s":{"a":0,"k":[100,100,100],"ix":6}},"ao":0,"ip":6.00600600600601,"op":9.00900900900901,"st":0,"bm":0},{"ddd":0,"ind":8,"ty":2,"nm":"Layer 2 copy","refId":"image_7","sr":1,"ks":{"o":{"a":0,"k":100,"ix":11},"r":{"a":0,"k":0,"ix":10},"p":{"a":0,"k":[1920,1080,0],"ix":2},"a":{"a":0,"k":[1920,1080,0],"ix":1},"s":{"a":0,"k":[100,100,100],"ix":6}},"ao":0,"ip":3.003003003003,"op":6.00600600600601,"st":0,"bm":0},{"ddd":0,"ind":11,"ty":2,"nm":"Layer 2","refId":"image_8","sr":1,"ks":{"o":{"a":0,"k":100,"ix":11},"r":{"a":0,"k":0,"ix":10},"p":{"a":0,"k":[1920,1080,0],"ix":2},"a":{"a":0,"k":[1920,1080,0],"ix":1},"s":{"a":0,"k":[100,100,100],"ix":6}},"ao":0,"ip":0,"op":3.003003003003,"st":0,"bm":0}]}],"layers":[{"ddd":0,"ind":1,"ty":0,"nm":"sting","refId":"comp_0","sr":1,"ks":{"o":{"a":0,"k":100,"ix":11},"r":{"a":0,"k":0,"ix":10},"p":{"a":0,"k":[1922,-212,0],"ix":2},"a":{"a":0,"k":[1920,1080,0],"ix":1},"s":{"a":0,"k":[100,100,100],"ix":6}},"ao":0,"w":3840,"h":2160,"ip":0,"op":150.15015015015,"st":0,"bm":0}],"markers":[]}