{"v":"5.2.1","fr":29.9700012207031,"ip":0,"op":33.0000013441176,"w":758,"h":673,"nm":"stun","ddd":0,"assets":[{"id":"image_0","w":758,"h":673,"u":"images/","p":"Layer_8_stun.png","e":0},{"id":"image_1","w":758,"h":673,"u":"images/","p":"Layer_7_copy_11_stun.png","e":0},{"id":"image_2","w":758,"h":673,"u":"images/","p":"Layer_7_copy_10_stun.png","e":0},{"id":"image_3","w":758,"h":673,"u":"images/","p":"Layer_7_copy_9_stun.png","e":0},{"id":"image_4","w":758,"h":673,"u":"images/","p":"Layer_7_copy_8_stun.png","e":0},{"id":"image_5","w":758,"h":673,"u":"images/","p":"Layer_7_copy_7_stun.png","e":0},{"id":"image_6","w":758,"h":673,"u":"images/","p":"Layer_7_copy_6_stun.png","e":0},{"id":"image_7","w":758,"h":673,"u":"images/","p":"Layer_7_copy_5_stun.png","e":0},{"id":"image_8","w":758,"h":673,"u":"images/","p":"Layer_7_copy_4_stun.png","e":0},{"id":"image_9","w":758,"h":673,"u":"images/","p":"Layer_7_copy_2_stun.png","e":0},{"id":"image_10","w":758,"h":673,"u":"images/","p":"Layer_7_stun.png","e":0}],"layers":[{"ddd":0,"ind":1,"ty":2,"nm":"Layer 8","refId":"image_0","sr":1,"ks":{"o":{"a":0,"k":100,"ix":11},"r":{"a":0,"k":0,"ix":10},"p":{"a":0,"k":[379,336.5,0],"ix":2},"a":{"a":0,"k":[379,336.5,0],"ix":1},"s":{"a":0,"k":[100,100,100],"ix":6}},"ao":0,"ip":30.0000012219251,"op":33.0000013441176,"st":0,"bm":0},{"ddd":0,"ind":2,"ty":2,"nm":"Layer 7 copy 11","refId":"image_1","sr":1,"ks":{"o":{"a":0,"k":100,"ix":11},"r":{"a":0,"k":0,"ix":10},"p":{"a":0,"k":[379,336.5,0],"ix":2},"a":{"a":0,"k":[379,336.5,0],"ix":1},"s":{"a":0,"k":[100,100,100],"ix":6}},"ao":0,"ip":27.0000010997325,"op":30.0000012219251,"st":0,"bm":0},{"ddd":0,"ind":3,"ty":2,"nm":"Layer 7 copy 10","refId":"image_2","sr":1,"ks":{"o":{"a":0,"k":100,"ix":11},"r":{"a":0,"k":0,"ix":10},"p":{"a":0,"k":[379,336.5,0],"ix":2},"a":{"a":0,"k":[379,336.5,0],"ix":1},"s":{"a":0,"k":[100,100,100],"ix":6}},"ao":0,"ip":24.00000097754,"op":27.0000010997325,"st":0,"bm":0},{"ddd":0,"ind":4,"ty":2,"nm":"Layer 7 copy 9","refId":"image_3","sr":1,"ks":{"o":{"a":0,"k":100,"ix":11},"r":{"a":0,"k":0,"ix":10},"p":{"a":0,"k":[379,336.5,0],"ix":2},"a":{"a":0,"k":[379,336.5,0],"ix":1},"s":{"a":0,"k":[100,100,100],"ix":6}},"ao":0,"ip":21.0000008553475,"op":24.00000097754,"st":0,"bm":0},{"ddd":0,"ind":5,"ty":2,"nm":"Layer 7 copy 8","refId":"image_4","sr":1,"ks":{"o":{"a":0,"k":100,"ix":11},"r":{"a":0,"k":0,"ix":10},"p":{"a":0,"k":[379,336.5,0],"ix":2},"a":{"a":0,"k":[379,336.5,0],"ix":1},"s":{"a":0,"k":[100,100,100],"ix":6}},"ao":0,"ip":18.000000733155,"op":21.0000008553475,"st":0,"bm":0},{"ddd":0,"ind":6,"ty":2,"nm":"Layer 7 copy 7","refId":"image_5","sr":1,"ks":{"o":{"a":0,"k":100,"ix":11},"r":{"a":0,"k":0,"ix":10},"p":{"a":0,"k":[379,336.5,0],"ix":2},"a":{"a":0,"k":[379,336.5,0],"ix":1},"s":{"a":0,"k":[100,100,100],"ix":6}},"ao":0,"ip":15.0000006109625,"op":18.000000733155,"st":0,"bm":0},{"ddd":0,"ind":7,"ty":2,"nm":"Layer 7 copy 6","refId":"image_6","sr":1,"ks":{"o":{"a":0,"k":100,"ix":11},"r":{"a":0,"k":0,"ix":10},"p":{"a":0,"k":[379,336.5,0],"ix":2},"a":{"a":0,"k":[379,336.5,0],"ix":1},"s":{"a":0,"k":[100,100,100],"ix":6}},"ao":0,"ip":12.00000048877,"op":15.0000006109625,"st":0,"bm":0},{"ddd":0,"ind":8,"ty":2,"nm":"Layer 7 copy 5","refId":"image_7","sr":1,"ks":{"o":{"a":0,"k":100,"ix":11},"r":{"a":0,"k":0,"ix":10},"p":{"a":0,"k":[379,336.5,0],"ix":2},"a":{"a":0,"k":[379,336.5,0],"ix":1},"s":{"a":0,"k":[100,100,100],"ix":6}},"ao":0,"ip":9.00000036657752,"op":12.00000048877,"st":0,"bm":0},{"ddd":0,"ind":9,"ty":2,"nm":"Layer 7 copy 4","refId":"image_8","sr":1,"ks":{"o":{"a":0,"k":100,"ix":11},"r":{"a":0,"k":0,"ix":10},"p":{"a":0,"k":[379,336.5,0],"ix":2},"a":{"a":0,"k":[379,336.5,0],"ix":1},"s":{"a":0,"k":[100,100,100],"ix":6}},"ao":0,"ip":6.00000024438501,"op":9.00000036657752,"st":0,"bm":0},{"ddd":0,"ind":11,"ty":2,"nm":"Layer 7 copy 2","refId":"image_9","sr":1,"ks":{"o":{"a":0,"k":100,"ix":11},"r":{"a":0,"k":0,"ix":10},"p":{"a":0,"k":[379,336.5,0],"ix":2},"a":{"a":0,"k":[379,336.5,0],"ix":1},"s":{"a":0,"k":[100,100,100],"ix":6}},"ao":0,"ip":3.00000012219251,"op":6.00000024438501,"st":0,"bm":0},{"ddd":0,"ind":13,"ty":2,"nm":"Layer 7","refId":"image_10","sr":1,"ks":{"o":{"a":0,"k":100,"ix":11},"r":{"a":0,"k":0,"ix":10},"p":{"a":0,"k":[379,336.5,0],"ix":2},"a":{"a":0,"k":[379,336.5,0],"ix":1},"s":{"a":0,"k":[100,100,100],"ix":6}},"ao":0,"ip":0,"op":3.00000012219251,"st":0,"bm":0}],"markers":[]}