{"v":"5.2.1","fr":29.9700012207031,"ip":0,"op":44.0000017921567,"w":588,"h":648,"nm":"poison","ddd":0,"assets":[{"id":"image_0","w":32,"h":34,"u":"images/","p":"Layer_12_copy_5_poison.png","e":0},{"id":"image_1","w":113,"h":119,"u":"images/","p":"Layer_12_copy_4_poison.png","e":0},{"id":"image_2","w":113,"h":126,"u":"images/","p":"Layer_12_copy_3_poison.png","e":0},{"id":"image_3","w":28,"h":27,"u":"images/","p":"Layer_12_copy_2_poison.png","e":0},{"id":"image_4","w":102,"h":107,"u":"images/","p":"Layer_12_copy_poison.png","e":0},{"id":"image_5","w":48,"h":52,"u":"images/","p":"Layer_12_poison.png","e":0},{"id":"image_6","w":3840,"h":2160,"u":"images/","p":"Layer_15_poison.png","e":0},{"id":"image_7","w":3840,"h":2160,"u":"images/","p":"Layer_14_poison.png","e":0},{"id":"image_8","w":3840,"h":2160,"u":"images/","p":"Layer_13_poison.png","e":0},{"id":"comp_0","layers":[{"ddd":0,"ind":1,"ty":2,"nm":"Layer 27","refId":"image_6","sr":1,"ks":{"o":{"a":0,"k":100,"ix":11},"r":{"a":0,"k":0,"ix":10},"p":{"a":0,"k":[1920,1080,0],"ix":2},"a":{"a":0,"k":[1920,1080,0],"ix":1},"s":{"a":0,"k":[100,100,100],"ix":6}},"ao":0,"ip":42.0000017106951,"op":45.0000018328876,"st":42.0000017106951,"bm":14},{"ddd":0,"ind":2,"ty":2,"nm":"Layer 26","refId":"image_7","sr":1,"ks":{"o":{"a":0,"k":100,"ix":11},"r":{"a":0,"k":0,"ix":10},"p":{"a":0,"k":[1920,1080,0],"ix":2},"a":{"a":0,"k":[1920,1080,0],"ix":1},"s":{"a":0,"k":[100,100,100],"ix":6}},"ao":0,"ip":39.0000015885026,"op":42.0000017106951,"st":39.0000015885026,"bm":14},{"ddd":0,"ind":3,"ty":2,"nm":"Layer 25","refId":"image_8","sr":1,"ks":{"o":{"a":0,"k":100,"ix":11},"r":{"a":0,"k":0,"ix":10},"p":{"a":0,"k":[1920,1080,0],"ix":2},"a":{"a":0,"k":[1920,1080,0],"ix":1},"s":{"a":0,"k":[100,100,100],"ix":6}},"ao":0,"ip":36.0000014663101,"op":39.0000015885026,"st":36.0000014663101,"bm":14},{"ddd":0,"ind":4,"ty":2,"nm":"Layer 24","refId":"image_6","sr":1,"ks":{"o":{"a":0,"k":100,"ix":11},"r":{"a":0,"k":0,"ix":10},"p":{"a":0,"k":[1920,1080,0],"ix":2},"a":{"a":0,"k":[1920,1080,0],"ix":1},"s":{"a":0,"k":[100,100,100],"ix":6}},"ao":0,"ip":33.0000013441176,"op":36.0000014663101,"st":33.0000013441176,"bm":14},{"ddd":0,"ind":5,"ty":2,"nm":"Layer 23","refId":"image_7","sr":1,"ks":{"o":{"a":0,"k":100,"ix":11},"r":{"a":0,"k":0,"ix":10},"p":{"a":0,"k":[1920,1080,0],"ix":2},"a":{"a":0,"k":[1920,1080,0],"ix":1},"s":{"a":0,"k":[100,100,100],"ix":6}},"ao":0,"ip":30.0000012219251,"op":33.0000013441176,"st":30.0000012219251,"bm":14},{"ddd":0,"ind":6,"ty":2,"nm":"Layer 22","refId":"image_8","sr":1,"ks":{"o":{"a":0,"k":100,"ix":11},"r":{"a":0,"k":0,"ix":10},"p":{"a":0,"k":[1920,1080,0],"ix":2},"a":{"a":0,"k":[1920,1080,0],"ix":1},"s":{"a":0,"k":[100,100,100],"ix":6}},"ao":0,"ip":27.0000010997325,"op":30.0000012219251,"st":27.0000010997325,"bm":14},{"ddd":0,"ind":7,"ty":2,"nm":"Layer 21","refId":"image_6","sr":1,"ks":{"o":{"a":0,"k":100,"ix":11},"r":{"a":0,"k":0,"ix":10},"p":{"a":0,"k":[1920,1080,0],"ix":2},"a":{"a":0,"k":[1920,1080,0],"ix":1},"s":{"a":0,"k":[100,100,100],"ix":6}},"ao":0,"ip":24.00000097754,"op":27.0000010997325,"st":24.00000097754,"bm":14},{"ddd":0,"ind":8,"ty":2,"nm":"Layer 20","refId":"image_7","sr":1,"ks":{"o":{"a":0,"k":100,"ix":11},"r":{"a":0,"k":0,"ix":10},"p":{"a":0,"k":[1920,1080,0],"ix":2},"a":{"a":0,"k":[1920,1080,0],"ix":1},"s":{"a":0,"k":[100,100,100],"ix":6}},"ao":0,"ip":21.0000008553475,"op":24.00000097754,"st":21.0000008553475,"bm":14},{"ddd":0,"ind":9,"ty":2,"nm":"Layer 19","refId":"image_8","sr":1,"ks":{"o":{"a":0,"k":100,"ix":11},"r":{"a":0,"k":0,"ix":10},"p":{"a":0,"k":[1920,1080,0],"ix":2},"a":{"a":0,"k":[1920,1080,0],"ix":1},"s":{"a":0,"k":[100,100,100],"ix":6}},"ao":0,"ip":18.000000733155,"op":21.0000008553475,"st":18.000000733155,"bm":14},{"ddd":0,"ind":10,"ty":2,"nm":"Layer 18","refId":"image_6","sr":1,"ks":{"o":{"a":0,"k":100,"ix":11},"r":{"a":0,"k":0,"ix":10},"p":{"a":0,"k":[1920,1080,0],"ix":2},"a":{"a":0,"k":[1920,1080,0],"ix":1},"s":{"a":0,"k":[100,100,100],"ix":6}},"ao":0,"ip":15.0000006109625,"op":18.000000733155,"st":15.0000006109625,"bm":14},{"ddd":0,"ind":11,"ty":2,"nm":"Layer 17","refId":"image_7","sr":1,"ks":{"o":{"a":0,"k":100,"ix":11},"r":{"a":0,"k":0,"ix":10},"p":{"a":0,"k":[1920,1080,0],"ix":2},"a":{"a":0,"k":[1920,1080,0],"ix":1},"s":{"a":0,"k":[100,100,100],"ix":6}},"ao":0,"ip":12.00000048877,"op":15.0000006109625,"st":12.00000048877,"bm":14},{"ddd":0,"ind":12,"ty":2,"nm":"Layer 16","refId":"image_8","sr":1,"ks":{"o":{"a":0,"k":100,"ix":11},"r":{"a":0,"k":0,"ix":10},"p":{"a":0,"k":[1920,1080,0],"ix":2},"a":{"a":0,"k":[1920,1080,0],"ix":1},"s":{"a":0,"k":[100,100,100],"ix":6}},"ao":0,"ip":9.00000036657752,"op":12.00000048877,"st":9.00000036657752,"bm":14},{"ddd":0,"ind":13,"ty":2,"nm":"Layer 15","refId":"image_6","sr":1,"ks":{"o":{"a":0,"k":100,"ix":11},"r":{"a":0,"k":0,"ix":10},"p":{"a":0,"k":[1920,1080,0],"ix":2},"a":{"a":0,"k":[1920,1080,0],"ix":1},"s":{"a":0,"k":[100,100,100],"ix":6}},"ao":0,"ip":6.00000024438501,"op":9.00000036657752,"st":6.00000024438501,"bm":14},{"ddd":0,"ind":14,"ty":2,"nm":"Layer 14","refId":"image_7","sr":1,"ks":{"o":{"a":0,"k":100,"ix":11},"r":{"a":0,"k":0,"ix":10},"p":{"a":0,"k":[1920,1080,0],"ix":2},"a":{"a":0,"k":[1920,1080,0],"ix":1},"s":{"a":0,"k":[100,100,100],"ix":6}},"ao":0,"ip":3.00000012219251,"op":6.00000024438501,"st":3.00000012219251,"bm":14},{"ddd":0,"ind":15,"ty":2,"nm":"Layer 13","refId":"image_8","sr":1,"ks":{"o":{"a":0,"k":100,"ix":11},"r":{"a":0,"k":0,"ix":10},"p":{"a":0,"k":[1920,1080,0],"ix":2},"a":{"a":0,"k":[1920,1080,0],"ix":1},"s":{"a":0,"k":[100,100,100],"ix":6}},"ao":0,"ip":0,"op":3.00000012219251,"st":0,"bm":14}]}],"layers":[{"ddd":0,"ind":1,"ty":2,"nm":"Layer 12 copy 5","refId":"image_0","sr":1,"ks":{"o":{"a":0,"k":100,"ix":11},"r":{"a":0,"k":0,"ix":10},"p":{"a":1,"k":[{"i":{"x":0.833,"y":0.833},"o":{"x":0.167,"y":0.167},"n":"0p833_0p833_0p167_0p167","t":0,"s":[115,498,0],"e":[115,212,0],"to":[56,-54.6666679382324,0],"ti":[-79,72.6666641235352,0]},{"t":29.0000011811942}],"ix":2},"a":{"a":0,"k":[16,17,0],"ix":1},"s":{"a":1,"k":[{"i":{"x":[0.833,0.833,0.833],"y":[0.833,0.833,0.833]},"o":{"x":[0.167,0.167,0.167],"y":[0.167,0.167,0.167]},"n":["0p833_0p833_0p167_0p167","0p833_0p833_0p167_0p167","0p833_0p833_0p167_0p167"],"t":0,"s":[0,0,100],"e":[100,100,100]},{"i":{"x":[0.833,0.833,0.833],"y":[0.833,0.833,0.833]},"o":{"x":[0.167,0.167,0.167],"y":[0.167,0.167,0.167]},"n":["0p833_0p833_0p167_0p167","0p833_0p833_0p167_0p167","0p833_0p833_0p167_0p167"],"t":15,"s":[100,100,100],"e":[0,0,100]},{"t":29.0000011811942}],"ix":6}},"ao":0,"ip":0,"op":150.000006109625,"st":0,"bm":0},{"ddd":0,"ind":2,"ty":2,"nm":"Layer 12 copy 4","refId":"image_1","sr":1,"ks":{"o":{"a":0,"k":100,"ix":11},"r":{"a":0,"k":0,"ix":10},"p":{"a":1,"k":[{"i":{"x":0.833,"y":0.833},"o":{"x":0.167,"y":0.167},"n":"0p833_0p833_0p167_0p167","t":0,"s":[203.5,557.5,0],"e":[208.5,324.5,0],"to":[40.8333320617676,-107.833335876465,0],"ti":[-39.8333320617676,62.8333320617676,0]},{"t":42.0000017106951}],"ix":2},"a":{"a":0,"k":[56.5,59.5,0],"ix":1},"s":{"a":1,"k":[{"i":{"x":[0.667,0.667,0.667],"y":[1,1,1]},"o":{"x":[0.167,0.167,0.167],"y":[0.167,0.167,16.667]},"n":["0p667_1_0p167_0p167","0p667_1_0p167_0p167","0p667_1_0p167_16p667"],"t":0,"s":[0,0,100],"e":[100,100,100]},{"i":{"x":[0.667,0.667,0.667],"y":[1,1,1]},"o":{"x":[0.333,0.333,0.333],"y":[0,0,0]},"n":["0p667_1_0p333_0","0p667_1_0p333_0","0p667_1_0p333_0"],"t":19,"s":[100,100,100],"e":[100,100,100]},{"i":{"x":[0.833,0.833,0.833],"y":[1,1,1]},"o":{"x":[0.333,0.333,0.333],"y":[0,0,0]},"n":["0p833_1_0p333_0","0p833_1_0p333_0","0p833_1_0p333_0"],"t":27,"s":[100,100,100],"e":[0,0,100]},{"t":39.0000015885026}],"ix":6}},"ao":0,"ip":0,"op":150.000006109625,"st":0,"bm":0},{"ddd":0,"ind":3,"ty":2,"nm":"Layer 12 copy 3","refId":"image_2","sr":1,"ks":{"o":{"a":0,"k":100,"ix":11},"r":{"a":0,"k":0,"ix":10},"p":{"a":1,"k":[{"i":{"x":0.667,"y":1},"o":{"x":0.333,"y":0},"n":"0p667_1_0p333_0","t":5,"s":[368.5,406,0],"e":[368.5,290,0],"to":[0,-19.3333339691162,0],"ti":[44,51.3333320617676,0]},{"t":37.0000015070409}],"ix":2},"a":{"a":0,"k":[56.5,63,0],"ix":1},"s":{"a":1,"k":[{"i":{"x":[0.833,0.833,0.833],"y":[1,1,1]},"o":{"x":[0.333,0.333,0.333],"y":[0,0,0]},"n":["0p833_1_0p333_0","0p833_1_0p333_0","0p833_1_0p333_0"],"t":5,"s":[0,0,100],"e":[100,100,100]},{"i":{"x":[0.833,0.833,0.833],"y":[1,1,1]},"o":{"x":[0.167,0.167,0.167],"y":[0,0,0]},"n":["0p833_1_0p167_0","0p833_1_0p167_0","0p833_1_0p167_0"],"t":23,"s":[100,100,100],"e":[0,0,100]},{"t":37.0000015070409}],"ix":6}},"ao":0,"ip":0,"op":150.000006109625,"st":0,"bm":0},{"ddd":0,"ind":4,"ty":2,"nm":"Layer 12 copy 2","refId":"image_3","sr":1,"ks":{"o":{"a":0,"k":100,"ix":11},"r":{"a":0,"k":0,"ix":10},"p":{"a":1,"k":[{"i":{"x":0.667,"y":0.485},"o":{"x":0.333,"y":0},"n":"0p667_0p485_0p333_0","t":9,"s":[296,515.5,0],"e":[324,402.003,0],"to":[0,-20.3665809631348,0],"ti":[0,50.8561172485352,0]},{"i":{"x":0.667,"y":1},"o":{"x":0.333,"y":0.453},"n":"0p667_1_0p333_0p453","t":23,"s":[324,402.003,0],"e":[296,281.5,0],"to":[0,-46.5283470153809,0],"ti":[0,18.6334190368652,0]},{"t":36.0000014663101}],"ix":2},"a":{"a":0,"k":[14,13.5,0],"ix":1},"s":{"a":1,"k":[{"i":{"x":[0.577,0.577,0.577],"y":[0.72,0.72,-26.976]},"o":{"x":[0.184,0.184,0.184],"y":[0,0,0]},"n":["0p577_0p72_0p184_0","0p577_0p72_0p184_0","0p577_-26p976_0p184_0"],"t":9,"s":[0,0,100],"e":[100,100,100]},{"i":{"x":[0.703,0.703,0.703],"y":[1,1,1]},"o":{"x":[0.342,0.342,0.342],"y":[-0.21,-0.21,21.014]},"n":["0p703_1_0p342_-0p21","0p703_1_0p342_-0p21","0p703_1_0p342_21p014"],"t":23,"s":[100,100,100],"e":[0,0,100]},{"t":36.0000014663101}],"ix":6}},"ao":0,"ip":0,"op":150.000006109625,"st":0,"bm":0},{"ddd":0,"ind":5,"ty":2,"nm":"Layer 12 copy","refId":"image_4","sr":1,"ks":{"o":{"a":0,"k":100,"ix":11},"r":{"a":0,"k":0,"ix":10},"p":{"a":1,"k":[{"i":{"x":0.667,"y":0.585},"o":{"x":0.333,"y":0},"n":"0p667_0p585_0p333_0","t":0,"s":[210,386.5,0],"e":[184,305.639,0],"to":[0,-14.5814523696899,0],"ti":[0,36.4366035461426,0]},{"i":{"x":0.667,"y":1},"o":{"x":0.333,"y":0.284},"n":"0p667_1_0p333_0p284","t":17,"s":[184,305.639,0],"e":[210,206.5,0],"to":[0,-38.5283622741699,0],"ti":[0,15.4185476303101,0]},{"t":31.0000012626559}],"ix":2},"a":{"a":0,"k":[51,53.5,0],"ix":1},"s":{"a":1,"k":[{"i":{"x":[0.569,0.569,0.569],"y":[0.864,0.864,-12.61]},"o":{"x":[0.204,0.204,0.204],"y":[0,0,0]},"n":["0p569_0p864_0p204_0","0p569_0p864_0p204_0","0p569_-12p61_0p204_0"],"t":0,"s":[0,0,100],"e":[100,100,100]},{"i":{"x":[0.569,0.569,0.569],"y":[1,1,1]},"o":{"x":[0.315,0.315,0.315],"y":[6.965,6.965,6.965]},"n":["0p569_1_0p315_6p965","0p569_1_0p315_6p965","0p569_1_0p315_6p965"],"t":10,"s":[100,100,100],"e":[100,100,100]},{"i":{"x":[0.702,0.702,0.702],"y":[1,1,1]},"o":{"x":[0.315,0.315,0.315],"y":[0,0,0]},"n":["0p702_1_0p315_0","0p702_1_0p315_0","0p702_1_0p315_0"],"t":17,"s":[100,100,100],"e":[0,0,100]},{"t":32.0000013033867}],"ix":6}},"ao":0,"ip":0,"op":150.000006109625,"st":0,"bm":0},{"ddd":0,"ind":6,"ty":2,"nm":"Layer 12","refId":"image_5","sr":1,"ks":{"o":{"a":0,"k":100,"ix":11},"r":{"a":0,"k":0,"ix":10},"p":{"a":1,"k":[{"i":{"x":0.667,"y":0.438},"o":{"x":0.333,"y":0},"n":"0p667_0p438_0p333_0","t":0,"s":[320,565,0],"e":[276,396.846,0],"to":[0,-32.5602149963379,0],"ti":[0,78.0277557373047,0]},{"i":{"x":0.667,"y":0.584},"o":{"x":0.333,"y":0.462},"n":"0p667_0p584_0p333_0p462","t":16,"s":[276,396.846,0],"e":[364.25,255.721,0],"to":[0,-79.6421737670898,0],"ti":[-12.6272659301758,72.8531799316406,0]},{"i":{"x":0.667,"y":1},"o":{"x":0.333,"y":0.39},"n":"0p667_1_0p333_0p39","t":29,"s":[364.25,255.721,0],"e":[320,93,0],"to":[8.56381034851074,-49.4090194702148,0],"ti":[0,22.5392246246338,0]},{"t":41.0000016699642}],"ix":2},"a":{"a":0,"k":[24,26,0],"ix":1},"s":{"a":1,"k":[{"i":{"x":[0.833,0.833,0.833],"y":[0.833,0.833,0.833]},"o":{"x":[0.167,0.167,0.167],"y":[0.167,0.167,0.167]},"n":["0p833_0p833_0p167_0p167","0p833_0p833_0p167_0p167","0p833_0p833_0p167_0p167"],"t":0,"s":[0,0,100],"e":[100,100,100]},{"i":{"x":[0.833,0.833,0.833],"y":[0.833,0.833,0.833]},"o":{"x":[0.167,0.167,0.167],"y":[0.167,0.167,0.167]},"n":["0p833_0p833_0p167_0p167","0p833_0p833_0p167_0p167","0p833_0p833_0p167_0p167"],"t":20,"s":[100,100,100],"e":[0,0,100]},{"t":41.0000016699642}],"ix":6}},"ao":0,"ip":0,"op":150.000006109625,"st":0,"bm":0},{"ddd":0,"ind":7,"ty":0,"nm":"Pre-comp 1","refId":"comp_0","sr":1,"ks":{"o":{"a":1,"k":[{"i":{"x":[0.833],"y":[0.833]},"o":{"x":[0.167],"y":[0.167]},"n":["0p833_0p833_0p167_0p167"],"t":0,"s":[0],"e":[100]},{"i":{"x":[0.833],"y":[0.833]},"o":{"x":[0.167],"y":[0.167]},"n":["0p833_0p833_0p167_0p167"],"t":7,"s":[100],"e":[100]},{"i":{"x":[0.833],"y":[0.833]},"o":{"x":[0.167],"y":[0.167]},"n":["0p833_0p833_0p167_0p167"],"t":38,"s":[100],"e":[0]},{"t":43.0000017514259}],"ix":11},"r":{"a":0,"k":0,"ix":10},"p":{"a":0,"k":[1820,-200,0],"ix":2},"a":{"a":0,"k":[1920,1080,0],"ix":1},"s":{"a":0,"k":[106.875,81.481,100],"ix":6}},"ao":0,"w":3840,"h":2160,"ip":0,"op":44.0000017921567,"st":0,"bm":3}],"markers":[]}