{"v":"5.2.1","fr":29.9700012207031,"ip":0,"op":34.0000013848484,"w":758,"h":673,"nm":"trust fund","ddd":0,"assets":[{"id":"image_0","w":758,"h":673,"u":"images/","p":"Layer_3_copy_9_trust_fund.png","e":0},{"id":"image_1","w":758,"h":673,"u":"images/","p":"Layer_3_copy_8_trust_fund.png","e":0},{"id":"image_2","w":758,"h":673,"u":"images/","p":"Layer_3_copy_7_trust_fund.png","e":0},{"id":"image_3","w":758,"h":673,"u":"images/","p":"Layer_3_copy_6_trust_fund.png","e":0},{"id":"image_4","w":758,"h":673,"u":"images/","p":"Layer_3_copy_5_trust_fund.png","e":0},{"id":"image_5","w":758,"h":673,"u":"images/","p":"Layer_2_copy_5_trust_fund.png","e":0},{"id":"image_6","w":758,"h":673,"u":"images/","p":"Layer_2_copy_4_trust_fund.png","e":0},{"id":"image_7","w":758,"h":673,"u":"images/","p":"Layer_2_copy_3_trust_fund.png","e":0},{"id":"image_8","w":758,"h":673,"u":"images/","p":"Layer_3_copy_19_trust_fund.png","e":0},{"id":"image_9","w":758,"h":673,"u":"images/","p":"Layer_3_copy_18_trust_fund.png","e":0},{"id":"image_10","w":758,"h":673,"u":"images/","p":"Layer_3_copy_17_trust_fund.png","e":0},{"id":"image_11","w":758,"h":673,"u":"images/","p":"Layer_3_copy_16_trust_fund.png","e":0},{"id":"image_12","w":758,"h":673,"u":"images/","p":"Layer_3_copy_15_trust_fund.png","e":0},{"id":"image_13","w":758,"h":673,"u":"images/","p":"Layer_2_copy_11_trust_fund.png","e":0},{"id":"image_14","w":758,"h":673,"u":"images/","p":"Layer_2_copy_10_trust_fund.png","e":0},{"id":"image_15","w":758,"h":673,"u":"images/","p":"Layer_2_copy_9_trust_fund.png","e":0},{"id":"image_16","w":758,"h":673,"u":"images/","p":"Layer_3_copy_14_trust_fund.png","e":0},{"id":"image_17","w":758,"h":673,"u":"images/","p":"Layer_3_copy_13_trust_fund.png","e":0},{"id":"image_18","w":758,"h":673,"u":"images/","p":"Layer_3_copy_12_trust_fund.png","e":0},{"id":"image_19","w":758,"h":673,"u":"images/","p":"Layer_3_copy_11_trust_fund.png","e":0},{"id":"image_20","w":758,"h":673,"u":"images/","p":"Layer_3_copy_10_trust_fund.png","e":0},{"id":"image_21","w":758,"h":673,"u":"images/","p":"Layer_2_copy_8_trust_fund.png","e":0},{"id":"image_22","w":758,"h":673,"u":"images/","p":"Layer_2_copy_7_trust_fund.png","e":0},{"id":"image_23","w":758,"h":673,"u":"images/","p":"Layer_2_copy_6_trust_fund.png","e":0},{"id":"image_24","w":758,"h":673,"u":"images/","p":"Layer_3_copy_4_trust_fund.png","e":0},{"id":"image_25","w":758,"h":673,"u":"images/","p":"Layer_3_copy_3_trust_fund.png","e":0},{"id":"image_26","w":758,"h":673,"u":"images/","p":"Layer_3_copy_2_trust_fund.png","e":0},{"id":"image_27","w":758,"h":673,"u":"images/","p":"Layer_3_copy_trust_fund.png","e":0},{"id":"image_28","w":758,"h":673,"u":"images/","p":"Layer_3_trust_fund.png","e":0},{"id":"image_29","w":758,"h":673,"u":"images/","p":"Layer_2_copy_2_trust_fund.png","e":0},{"id":"image_30","w":758,"h":673,"u":"images/","p":"Layer_2_copy_trust_fund.png","e":0},{"id":"image_31","w":758,"h":673,"u":"images/","p":"Layer_2_trust_fund.png","e":0}],"layers":[{"ddd":0,"ind":1,"ty":2,"nm":"Layer 3 copy 9","refId":"image_0","sr":1,"ks":{"o":{"a":0,"k":100,"ix":11},"r":{"a":0,"k":0,"ix":10},"p":{"a":0,"k":[379,336.5,0],"ix":2},"a":{"a":0,"k":[379,336.5,0],"ix":1},"s":{"a":0,"k":[100,100,100],"ix":6}},"ao":0,"ip":26.0000010590017,"op":29.0000011811942,"st":0,"bm":0},{"ddd":0,"ind":2,"ty":2,"nm":"Layer 3 copy 8","refId":"image_1","sr":1,"ks":{"o":{"a":0,"k":100,"ix":11},"r":{"a":0,"k":0,"ix":10},"p":{"a":0,"k":[379,336.5,0],"ix":2},"a":{"a":0,"k":[379,336.5,0],"ix":1},"s":{"a":0,"k":[100,100,100],"ix":6}},"ao":0,"ip":23.0000009368092,"op":26.0000010590017,"st":0,"bm":0},{"ddd":0,"ind":3,"ty":2,"nm":"Layer 3 copy 7","refId":"image_2","sr":1,"ks":{"o":{"a":0,"k":100,"ix":11},"r":{"a":0,"k":0,"ix":10},"p":{"a":0,"k":[379,336.5,0],"ix":2},"a":{"a":0,"k":[379,336.5,0],"ix":1},"s":{"a":0,"k":[100,100,100],"ix":6}},"ao":0,"ip":20.0000008146167,"op":23.0000009368092,"st":0,"bm":0},{"ddd":0,"ind":4,"ty":2,"nm":"Layer 3 copy 6","refId":"image_3","sr":1,"ks":{"o":{"a":0,"k":100,"ix":11},"r":{"a":0,"k":0,"ix":10},"p":{"a":0,"k":[379,336.5,0],"ix":2},"a":{"a":0,"k":[379,336.5,0],"ix":1},"s":{"a":0,"k":[100,100,100],"ix":6}},"ao":0,"ip":17.0000006924242,"op":20.0000008146167,"st":0,"bm":0},{"ddd":0,"ind":5,"ty":2,"nm":"Layer 3 copy 5","refId":"image_4","sr":1,"ks":{"o":{"a":0,"k":100,"ix":11},"r":{"a":0,"k":0,"ix":10},"p":{"a":0,"k":[379,336.5,0],"ix":2},"a":{"a":0,"k":[379,336.5,0],"ix":1},"s":{"a":0,"k":[100,100,100],"ix":6}},"ao":0,"ip":14.0000005702317,"op":17.0000006924242,"st":0,"bm":0},{"ddd":0,"ind":6,"ty":2,"nm":"Layer 2 copy 5","refId":"image_5","sr":1,"ks":{"o":{"a":0,"k":100,"ix":11},"r":{"a":0,"k":0,"ix":10},"p":{"a":0,"k":[379,336.5,0],"ix":2},"a":{"a":0,"k":[379,336.5,0],"ix":1},"s":{"a":0,"k":[100,100,100],"ix":6}},"ao":0,"ip":11.0000004480392,"op":14.0000005702317,"st":0,"bm":0},{"ddd":0,"ind":7,"ty":2,"nm":"Layer 2 copy 4","refId":"image_6","sr":1,"ks":{"o":{"a":0,"k":100,"ix":11},"r":{"a":0,"k":0,"ix":10},"p":{"a":0,"k":[379,336.5,0],"ix":2},"a":{"a":0,"k":[379,336.5,0],"ix":1},"s":{"a":0,"k":[100,100,100],"ix":6}},"ao":0,"ip":8.00000032584668,"op":11.0000004480392,"st":0,"bm":0},{"ddd":0,"ind":8,"ty":2,"nm":"Layer 2 copy 3","refId":"image_7","sr":1,"ks":{"o":{"a":0,"k":100,"ix":11},"r":{"a":0,"k":0,"ix":10},"p":{"a":0,"k":[379,336.5,0],"ix":2},"a":{"a":0,"k":[379,336.5,0],"ix":1},"s":{"a":0,"k":[100,100,100],"ix":6}},"ao":0,"ip":5.00000020365417,"op":8.00000032584668,"st":0,"bm":0},{"ddd":0,"ind":9,"ty":2,"nm":"Layer 3 copy 19","refId":"image_8","sr":1,"ks":{"o":{"a":0,"k":100,"ix":11},"r":{"a":0,"k":0,"ix":10},"p":{"a":0,"k":[379,336.5,0],"ix":2},"a":{"a":0,"k":[379,336.5,0],"ix":1},"s":{"a":0,"k":[100,100,100],"ix":6}},"ao":0,"ip":31.0000012626559,"op":34.0000013848484,"st":0,"bm":0},{"ddd":0,"ind":10,"ty":2,"nm":"Layer 3 copy 18","refId":"image_9","sr":1,"ks":{"o":{"a":0,"k":100,"ix":11},"r":{"a":0,"k":0,"ix":10},"p":{"a":0,"k":[379,336.5,0],"ix":2},"a":{"a":0,"k":[379,336.5,0],"ix":1},"s":{"a":0,"k":[100,100,100],"ix":6}},"ao":0,"ip":28.0000011404634,"op":31.0000012626559,"st":0,"bm":0},{"ddd":0,"ind":11,"ty":2,"nm":"Layer 3 copy 17","refId":"image_10","sr":1,"ks":{"o":{"a":0,"k":100,"ix":11},"r":{"a":0,"k":0,"ix":10},"p":{"a":0,"k":[379,336.5,0],"ix":2},"a":{"a":0,"k":[379,336.5,0],"ix":1},"s":{"a":0,"k":[100,100,100],"ix":6}},"ao":0,"ip":25.0000010182709,"op":28.0000011404634,"st":0,"bm":0},{"ddd":0,"ind":12,"ty":2,"nm":"Layer 3 copy 16","refId":"image_11","sr":1,"ks":{"o":{"a":0,"k":100,"ix":11},"r":{"a":0,"k":0,"ix":10},"p":{"a":0,"k":[379,336.5,0],"ix":2},"a":{"a":0,"k":[379,336.5,0],"ix":1},"s":{"a":0,"k":[100,100,100],"ix":6}},"ao":0,"ip":22.0000008960784,"op":25.0000010182709,"st":0,"bm":0},{"ddd":0,"ind":13,"ty":2,"nm":"Layer 3 copy 15","refId":"image_12","sr":1,"ks":{"o":{"a":0,"k":100,"ix":11},"r":{"a":0,"k":0,"ix":10},"p":{"a":0,"k":[379,336.5,0],"ix":2},"a":{"a":0,"k":[379,336.5,0],"ix":1},"s":{"a":0,"k":[100,100,100],"ix":6}},"ao":0,"ip":19.0000007738859,"op":22.0000008960784,"st":0,"bm":0},{"ddd":0,"ind":14,"ty":2,"nm":"Layer 2 copy 11","refId":"image_13","sr":1,"ks":{"o":{"a":0,"k":100,"ix":11},"r":{"a":0,"k":0,"ix":10},"p":{"a":0,"k":[379,336.5,0],"ix":2},"a":{"a":0,"k":[379,336.5,0],"ix":1},"s":{"a":0,"k":[100,100,100],"ix":6}},"ao":0,"ip":16.0000006516934,"op":19.0000007738859,"st":0,"bm":0},{"ddd":0,"ind":15,"ty":2,"nm":"Layer 2 copy 10","refId":"image_14","sr":1,"ks":{"o":{"a":0,"k":100,"ix":11},"r":{"a":0,"k":0,"ix":10},"p":{"a":0,"k":[379,336.5,0],"ix":2},"a":{"a":0,"k":[379,336.5,0],"ix":1},"s":{"a":0,"k":[100,100,100],"ix":6}},"ao":0,"ip":13.0000005295009,"op":16.0000006516934,"st":0,"bm":0},{"ddd":0,"ind":16,"ty":2,"nm":"Layer 2 copy 9","refId":"image_15","sr":1,"ks":{"o":{"a":0,"k":100,"ix":11},"r":{"a":0,"k":0,"ix":10},"p":{"a":0,"k":[379,336.5,0],"ix":2},"a":{"a":0,"k":[379,336.5,0],"ix":1},"s":{"a":0,"k":[100,100,100],"ix":6}},"ao":0,"ip":10.0000004073083,"op":13.0000005295009,"st":0,"bm":0},{"ddd":0,"ind":17,"ty":2,"nm":"Layer 3 copy 14","refId":"image_16","sr":1,"ks":{"o":{"a":0,"k":100,"ix":11},"r":{"a":0,"k":0,"ix":10},"p":{"a":0,"k":[379,336.5,0],"ix":2},"a":{"a":0,"k":[379,336.5,0],"ix":1},"s":{"a":0,"k":[100,100,100],"ix":6}},"ao":0,"ip":24.00000097754,"op":27.0000010997325,"st":0,"bm":0},{"ddd":0,"ind":18,"ty":2,"nm":"Layer 3 copy 13","refId":"image_17","sr":1,"ks":{"o":{"a":0,"k":100,"ix":11},"r":{"a":0,"k":0,"ix":10},"p":{"a":0,"k":[379,336.5,0],"ix":2},"a":{"a":0,"k":[379,336.5,0],"ix":1},"s":{"a":0,"k":[100,100,100],"ix":6}},"ao":0,"ip":21.0000008553475,"op":24.00000097754,"st":0,"bm":0},{"ddd":0,"ind":19,"ty":2,"nm":"Layer 3 copy 12","refId":"image_18","sr":1,"ks":{"o":{"a":0,"k":100,"ix":11},"r":{"a":0,"k":0,"ix":10},"p":{"a":0,"k":[379,336.5,0],"ix":2},"a":{"a":0,"k":[379,336.5,0],"ix":1},"s":{"a":0,"k":[100,100,100],"ix":6}},"ao":0,"ip":18.000000733155,"op":21.0000008553475,"st":0,"bm":0},{"ddd":0,"ind":20,"ty":2,"nm":"Layer 3 copy 11","refId":"image_19","sr":1,"ks":{"o":{"a":0,"k":100,"ix":11},"r":{"a":0,"k":0,"ix":10},"p":{"a":0,"k":[379,336.5,0],"ix":2},"a":{"a":0,"k":[379,336.5,0],"ix":1},"s":{"a":0,"k":[100,100,100],"ix":6}},"ao":0,"ip":15.0000006109625,"op":18.000000733155,"st":0,"bm":0},{"ddd":0,"ind":21,"ty":2,"nm":"Layer 3 copy 10","refId":"image_20","sr":1,"ks":{"o":{"a":0,"k":100,"ix":11},"r":{"a":0,"k":0,"ix":10},"p":{"a":0,"k":[379,336.5,0],"ix":2},"a":{"a":0,"k":[379,336.5,0],"ix":1},"s":{"a":0,"k":[100,100,100],"ix":6}},"ao":0,"ip":12.00000048877,"op":15.0000006109625,"st":0,"bm":0},{"ddd":0,"ind":22,"ty":2,"nm":"Layer 2 copy 8","refId":"image_21","sr":1,"ks":{"o":{"a":0,"k":100,"ix":11},"r":{"a":0,"k":0,"ix":10},"p":{"a":0,"k":[379,336.5,0],"ix":2},"a":{"a":0,"k":[379,336.5,0],"ix":1},"s":{"a":0,"k":[100,100,100],"ix":6}},"ao":0,"ip":9.00000036657752,"op":12.00000048877,"st":0,"bm":0},{"ddd":0,"ind":23,"ty":2,"nm":"Layer 2 copy 7","refId":"image_22","sr":1,"ks":{"o":{"a":0,"k":100,"ix":11},"r":{"a":0,"k":0,"ix":10},"p":{"a":0,"k":[379,336.5,0],"ix":2},"a":{"a":0,"k":[379,336.5,0],"ix":1},"s":{"a":0,"k":[100,100,100],"ix":6}},"ao":0,"ip":6.00000024438501,"op":9.00000036657752,"st":0,"bm":0},{"ddd":0,"ind":24,"ty":2,"nm":"Layer 2 copy 6","refId":"image_23","sr":1,"ks":{"o":{"a":0,"k":100,"ix":11},"r":{"a":0,"k":0,"ix":10},"p":{"a":0,"k":[379,336.5,0],"ix":2},"a":{"a":0,"k":[379,336.5,0],"ix":1},"s":{"a":0,"k":[100,100,100],"ix":6}},"ao":0,"ip":3.00000012219251,"op":6.00000024438501,"st":0,"bm":0},{"ddd":0,"ind":25,"ty":2,"nm":"Layer 3 copy 4","refId":"image_24","sr":1,"ks":{"o":{"a":0,"k":100,"ix":11},"r":{"a":0,"k":0,"ix":10},"p":{"a":0,"k":[379,336.5,0],"ix":2},"a":{"a":0,"k":[379,336.5,0],"ix":1},"s":{"a":0,"k":[100,100,100],"ix":6}},"ao":0,"ip":21.0000008553475,"op":24.00000097754,"st":0,"bm":0},{"ddd":0,"ind":26,"ty":2,"nm":"Layer 3 copy 3","refId":"image_25","sr":1,"ks":{"o":{"a":0,"k":100,"ix":11},"r":{"a":0,"k":0,"ix":10},"p":{"a":0,"k":[379,336.5,0],"ix":2},"a":{"a":0,"k":[379,336.5,0],"ix":1},"s":{"a":0,"k":[100,100,100],"ix":6}},"ao":0,"ip":18.000000733155,"op":21.0000008553475,"st":0,"bm":0},{"ddd":0,"ind":27,"ty":2,"nm":"Layer 3 copy 2","refId":"image_26","sr":1,"ks":{"o":{"a":0,"k":100,"ix":11},"r":{"a":0,"k":0,"ix":10},"p":{"a":0,"k":[379,336.5,0],"ix":2},"a":{"a":0,"k":[379,336.5,0],"ix":1},"s":{"a":0,"k":[100,100,100],"ix":6}},"ao":0,"ip":15.0000006109625,"op":18.000000733155,"st":0,"bm":0},{"ddd":0,"ind":28,"ty":2,"nm":"Layer 3 copy","refId":"image_27","sr":1,"ks":{"o":{"a":0,"k":100,"ix":11},"r":{"a":0,"k":0,"ix":10},"p":{"a":0,"k":[379,336.5,0],"ix":2},"a":{"a":0,"k":[379,336.5,0],"ix":1},"s":{"a":0,"k":[100,100,100],"ix":6}},"ao":0,"ip":12.00000048877,"op":15.0000006109625,"st":0,"bm":0},{"ddd":0,"ind":29,"ty":2,"nm":"Layer 3","refId":"image_28","sr":1,"ks":{"o":{"a":0,"k":100,"ix":11},"r":{"a":0,"k":0,"ix":10},"p":{"a":0,"k":[379,336.5,0],"ix":2},"a":{"a":0,"k":[379,336.5,0],"ix":1},"s":{"a":0,"k":[100,100,100],"ix":6}},"ao":0,"ip":9.00000036657752,"op":12.00000048877,"st":0,"bm":0},{"ddd":0,"ind":30,"ty":2,"nm":"Layer 2 copy 2","refId":"image_29","sr":1,"ks":{"o":{"a":0,"k":100,"ix":11},"r":{"a":0,"k":0,"ix":10},"p":{"a":0,"k":[379,336.5,0],"ix":2},"a":{"a":0,"k":[379,336.5,0],"ix":1},"s":{"a":0,"k":[100,100,100],"ix":6}},"ao":0,"ip":6.00000024438501,"op":9.00000036657752,"st":0,"bm":0},{"ddd":0,"ind":31,"ty":2,"nm":"Layer 2 copy","refId":"image_30","sr":1,"ks":{"o":{"a":0,"k":100,"ix":11},"r":{"a":0,"k":0,"ix":10},"p":{"a":0,"k":[379,336.5,0],"ix":2},"a":{"a":0,"k":[379,336.5,0],"ix":1},"s":{"a":0,"k":[100,100,100],"ix":6}},"ao":0,"ip":3.00000012219251,"op":6.00000024438501,"st":0,"bm":0},{"ddd":0,"ind":32,"ty":2,"nm":"Layer 2","refId":"image_31","sr":1,"ks":{"o":{"a":0,"k":100,"ix":11},"r":{"a":0,"k":0,"ix":10},"p":{"a":0,"k":[379,336.5,0],"ix":2},"a":{"a":0,"k":[379,336.5,0],"ix":1},"s":{"a":0,"k":[100,100,100],"ix":6}},"ao":0,"ip":0,"op":3.00000012219251,"st":0,"bm":0}],"markers":[]}