{"v":"5.2.1","fr":29.9700012207031,"ip":0,"op":31.0000012626559,"w":992,"h":881,"nm":"turbo charge","ddd":0,"assets":[{"id":"image_0","w":992,"h":881,"u":"images/","p":"Layer_30_copy_2_turbo_charge.png","e":0},{"id":"image_1","w":992,"h":881,"u":"images/","p":"Layer_30_copy_turbo_charge.png","e":0},{"id":"image_2","w":992,"h":881,"u":"images/","p":"Layer_30_turbo_charge.png","e":0},{"id":"image_3","w":992,"h":881,"u":"images/","p":"Layer_29_copy_2_turbo_charge.png","e":0},{"id":"image_4","w":992,"h":881,"u":"images/","p":"Layer_29_copy_turbo_charge.png","e":0},{"id":"image_5","w":992,"h":881,"u":"images/","p":"Layer_29_turbo_charge.png","e":0},{"id":"image_6","w":992,"h":881,"u":"images/","p":"Layer_28_copy_2_turbo_charge.png","e":0},{"id":"image_7","w":992,"h":881,"u":"images/","p":"Layer_28_copy_turbo_charge.png","e":0},{"id":"image_8","w":992,"h":881,"u":"images/","p":"Layer_27_copy_5_turbo_charge.png","e":0},{"id":"image_9","w":992,"h":881,"u":"images/","p":"Layer_27_copy_4_turbo_charge.png","e":0},{"id":"image_10","w":992,"h":881,"u":"images/","p":"Layer_27_copy_3_turbo_charge.png","e":0},{"id":"image_11","w":992,"h":881,"u":"images/","p":"Layer_27_copy_2_turbo_charge.png","e":0},{"id":"image_12","w":992,"h":881,"u":"images/","p":"Layer_27_copy_turbo_charge.png","e":0},{"id":"image_13","w":992,"h":881,"u":"images/","p":"Layer_27_copy_6_turbo_charge.png","e":0},{"id":"image_14","w":992,"h":881,"u":"images/","p":"Layer_27_turbo_charge.png","e":0},{"id":"image_15","w":992,"h":881,"u":"images/","p":"Layer_28_turbo_charge.png","e":0}],"layers":[{"ddd":0,"ind":1,"ty":2,"nm":"Layer 30 copy 2","refId":"image_0","sr":1,"ks":{"o":{"a":0,"k":100,"ix":11},"r":{"a":0,"k":0,"ix":10},"p":{"a":0,"k":[496,440.5,0],"ix":2},"a":{"a":0,"k":[496,440.5,0],"ix":1},"s":{"a":0,"k":[100,100,100],"ix":6}},"ao":0,"ip":28.0000011404634,"op":31.0000012626559,"st":0,"bm":0},{"ddd":0,"ind":2,"ty":2,"nm":"Layer 30 copy","refId":"image_1","sr":1,"ks":{"o":{"a":0,"k":100,"ix":11},"r":{"a":0,"k":0,"ix":10},"p":{"a":0,"k":[496,440.5,0],"ix":2},"a":{"a":0,"k":[496,440.5,0],"ix":1},"s":{"a":0,"k":[100,100,100],"ix":6}},"ao":0,"ip":25.0000010182709,"op":28.0000011404634,"st":0,"bm":0},{"ddd":0,"ind":3,"ty":2,"nm":"Layer 30","refId":"image_2","sr":1,"ks":{"o":{"a":0,"k":100,"ix":11},"r":{"a":0,"k":0,"ix":10},"p":{"a":0,"k":[496,440.5,0],"ix":2},"a":{"a":0,"k":[496,440.5,0],"ix":1},"s":{"a":0,"k":[100,100,100],"ix":6}},"ao":0,"ip":22.0000008960784,"op":25.0000010182709,"st":0,"bm":0},{"ddd":0,"ind":4,"ty":2,"nm":"Layer 29 copy 2","refId":"image_3","sr":1,"ks":{"o":{"a":0,"k":100,"ix":11},"r":{"a":0,"k":0,"ix":10},"p":{"a":0,"k":[496,440.5,0],"ix":2},"a":{"a":0,"k":[496,440.5,0],"ix":1},"s":{"a":0,"k":[100,100,100],"ix":6}},"ao":0,"ip":19.0000007738859,"op":22.0000008960784,"st":0,"bm":0},{"ddd":0,"ind":5,"ty":2,"nm":"Layer 29 copy","refId":"image_4","sr":1,"ks":{"o":{"a":0,"k":100,"ix":11},"r":{"a":0,"k":0,"ix":10},"p":{"a":0,"k":[496,440.5,0],"ix":2},"a":{"a":0,"k":[496,440.5,0],"ix":1},"s":{"a":0,"k":[100,100,100],"ix":6}},"ao":0,"ip":16.0000006516934,"op":19.0000007738859,"st":0,"bm":0},{"ddd":0,"ind":6,"ty":2,"nm":"Layer 29","refId":"image_5","sr":1,"ks":{"o":{"a":0,"k":100,"ix":11},"r":{"a":0,"k":0,"ix":10},"p":{"a":0,"k":[496,440.5,0],"ix":2},"a":{"a":0,"k":[496,440.5,0],"ix":1},"s":{"a":0,"k":[100,100,100],"ix":6}},"ao":0,"ip":13.0000005295009,"op":16.0000006516934,"st":0,"bm":0},{"ddd":0,"ind":7,"ty":2,"nm":"Layer 28 copy 2","refId":"image_6","sr":1,"ks":{"o":{"a":0,"k":100,"ix":11},"r":{"a":0,"k":0,"ix":10},"p":{"a":0,"k":[496,440.5,0],"ix":2},"a":{"a":0,"k":[496,440.5,0],"ix":1},"s":{"a":0,"k":[100,100,100],"ix":6}},"ao":0,"ip":9.00000036657752,"op":11.0000004480392,"st":0,"bm":0},{"ddd":0,"ind":8,"ty":2,"nm":"Layer 28 copy","refId":"image_7","sr":1,"ks":{"o":{"a":0,"k":100,"ix":11},"r":{"a":0,"k":0,"ix":10},"p":{"a":0,"k":[496,440.5,0],"ix":2},"a":{"a":0,"k":[496,440.5,0],"ix":1},"s":{"a":0,"k":[100,100,100],"ix":6}},"ao":0,"ip":7.00000028511585,"op":9.00000036657752,"st":0,"bm":0},{"ddd":0,"ind":9,"ty":2,"nm":"Layer 27 copy 5","refId":"image_8","sr":1,"ks":{"o":{"a":0,"k":100,"ix":11},"r":{"a":0,"k":0,"ix":10},"p":{"a":0,"k":[496,440.5,0],"ix":2},"a":{"a":0,"k":[496,440.5,0],"ix":1},"s":{"a":0,"k":[100,100,100],"ix":6}},"ao":0,"ip":11.0000004480392,"op":13.0000005295009,"st":0,"bm":0},{"ddd":0,"ind":10,"ty":2,"nm":"Layer 27 copy 4","refId":"image_9","sr":1,"ks":{"o":{"a":0,"k":100,"ix":11},"r":{"a":0,"k":0,"ix":10},"p":{"a":0,"k":[496,440.5,0],"ix":2},"a":{"a":0,"k":[496,440.5,0],"ix":1},"s":{"a":0,"k":[100,100,100],"ix":6}},"ao":0,"ip":9.00000036657752,"op":11.0000004480392,"st":0,"bm":0},{"ddd":0,"ind":11,"ty":2,"nm":"Layer 27 copy 3","refId":"image_10","sr":1,"ks":{"o":{"a":0,"k":100,"ix":11},"r":{"a":0,"k":0,"ix":10},"p":{"a":0,"k":[496,440.5,0],"ix":2},"a":{"a":0,"k":[496,440.5,0],"ix":1},"s":{"a":0,"k":[100,100,100],"ix":6}},"ao":0,"ip":7.00000028511585,"op":9.00000036657752,"st":0,"bm":0},{"ddd":0,"ind":12,"ty":2,"nm":"Layer 27 copy 2","refId":"image_11","sr":1,"ks":{"o":{"a":0,"k":100,"ix":11},"r":{"a":0,"k":0,"ix":10},"p":{"a":0,"k":[496,440.5,0],"ix":2},"a":{"a":0,"k":[496,440.5,0],"ix":1},"s":{"a":0,"k":[100,100,100],"ix":6}},"ao":0,"ip":3.00000012219251,"op":7.00000028511585,"st":0,"bm":0},{"ddd":0,"ind":13,"ty":2,"nm":"Layer 27 copy","refId":"image_12","sr":1,"ks":{"o":{"a":0,"k":100,"ix":11},"r":{"a":0,"k":0,"ix":10},"p":{"a":0,"k":[496,440.5,0],"ix":2},"a":{"a":0,"k":[496,440.5,0],"ix":1},"s":{"a":0,"k":[100,100,100],"ix":6}},"ao":0,"ip":0,"op":3.00000012219251,"st":0,"bm":0},{"ddd":0,"ind":14,"ty":2,"nm":"Layer 27 copy 6","refId":"image_13","sr":1,"ks":{"o":{"a":0,"k":100,"ix":11},"r":{"a":0,"k":0,"ix":10},"p":{"a":0,"k":[496,440.5,0],"ix":2},"a":{"a":0,"k":[496,440.5,0],"ix":1},"s":{"a":0,"k":[100,100,100],"ix":6}},"ao":0,"ip":28.0000011404634,"op":31.0000012626559,"st":0,"bm":0},{"ddd":0,"ind":15,"ty":2,"nm":"Layer 27","refId":"image_14","sr":1,"ks":{"o":{"a":0,"k":100,"ix":11},"r":{"a":0,"k":0,"ix":10},"p":{"a":0,"k":[496,440.5,0],"ix":2},"a":{"a":0,"k":[496,440.5,0],"ix":1},"s":{"a":0,"k":[100,100,100],"ix":6}},"ao":0,"ip":14.0000005702317,"op":28.0000011404634,"st":0,"bm":0},{"ddd":0,"ind":16,"ty":2,"nm":"Layer 28","refId":"image_15","sr":1,"ks":{"o":{"a":0,"k":100,"ix":11},"r":{"a":0,"k":0,"ix":10},"p":{"a":0,"k":[496,440.5,0],"ix":2},"a":{"a":0,"k":[496,440.5,0],"ix":1},"s":{"a":0,"k":[100,100,100],"ix":6}},"ao":0,"ip":3.00000012219251,"op":6.00000024438501,"st":0,"bm":0}],"markers":[]}