{"v":"5.2.1","fr":29.9700012207031,"ip":0,"op":31.0000012626559,"w":758,"h":673,"nm":"victory point","ddd":0,"assets":[{"id":"image_0","w":758,"h":673,"u":"images/","p":"Layer_3_copy_4_victory_point.png","e":0},{"id":"image_1","w":758,"h":673,"u":"images/","p":"Layer_3_copy_3_victory_point.png","e":0},{"id":"image_2","w":758,"h":673,"u":"images/","p":"Layer_3_copy_2_victory_point.png","e":0},{"id":"image_3","w":758,"h":673,"u":"images/","p":"Layer_3_copy_victory_point.png","e":0},{"id":"image_4","w":758,"h":673,"u":"images/","p":"Layer_3_victory_point.png","e":0},{"id":"image_5","w":386,"h":427,"u":"images/","p":"1_copy_victory_point.png","e":0}],"layers":[{"ddd":0,"ind":1,"ty":2,"nm":"Layer 3 copy 12","refId":"image_0","sr":1,"ks":{"o":{"a":0,"k":100,"ix":11},"r":{"a":0,"k":0,"ix":10},"p":{"a":0,"k":[35,536.5,0],"ix":2},"a":{"a":0,"k":[379,336.5,0],"ix":1},"s":{"a":0,"k":[100,100,100],"ix":6}},"ao":0,"ip":21.0000008553475,"op":24.00000097754,"st":9.00000036657752,"bm":0},{"ddd":0,"ind":2,"ty":2,"nm":"Layer 3 copy 11","refId":"image_1","sr":1,"ks":{"o":{"a":0,"k":100,"ix":11},"r":{"a":0,"k":0,"ix":10},"p":{"a":0,"k":[35,536.5,0],"ix":2},"a":{"a":0,"k":[379,336.5,0],"ix":1},"s":{"a":0,"k":[100,100,100],"ix":6}},"ao":0,"ip":18.000000733155,"op":21.0000008553475,"st":9.00000036657752,"bm":0},{"ddd":0,"ind":3,"ty":2,"nm":"Layer 3 copy 10","refId":"image_2","sr":1,"ks":{"o":{"a":0,"k":100,"ix":11},"r":{"a":0,"k":0,"ix":10},"p":{"a":0,"k":[35,536.5,0],"ix":2},"a":{"a":0,"k":[379,336.5,0],"ix":1},"s":{"a":0,"k":[100,100,100],"ix":6}},"ao":0,"ip":15.0000006109625,"op":18.000000733155,"st":9.00000036657752,"bm":0},{"ddd":0,"ind":4,"ty":2,"nm":"Layer 3 copy 9","refId":"image_3","sr":1,"ks":{"o":{"a":0,"k":100,"ix":11},"r":{"a":0,"k":0,"ix":10},"p":{"a":0,"k":[35,536.5,0],"ix":2},"a":{"a":0,"k":[379,336.5,0],"ix":1},"s":{"a":0,"k":[100,100,100],"ix":6}},"ao":0,"ip":12.00000048877,"op":15.0000006109625,"st":9.00000036657752,"bm":0},{"ddd":0,"ind":5,"ty":2,"nm":"Layer 5","refId":"image_4","sr":1,"ks":{"o":{"a":0,"k":100,"ix":11},"r":{"a":0,"k":0,"ix":10},"p":{"a":0,"k":[35,536.5,0],"ix":2},"a":{"a":0,"k":[379,336.5,0],"ix":1},"s":{"a":0,"k":[100,100,100],"ix":6}},"ao":0,"ip":9.00000036657752,"op":12.00000048877,"st":9.00000036657752,"bm":0},{"ddd":0,"ind":6,"ty":2,"nm":"Layer 3 copy 8","refId":"image_0","sr":1,"ks":{"o":{"a":0,"k":100,"ix":11},"r":{"a":0,"k":0,"ix":10},"p":{"a":0,"k":[19,224.5,0],"ix":2},"a":{"a":0,"k":[379,336.5,0],"ix":1},"s":{"a":0,"k":[100,100,100],"ix":6}},"ao":0,"ip":13.0000005295009,"op":16.0000006516934,"st":1.00000004073083,"bm":0},{"ddd":0,"ind":7,"ty":2,"nm":"Layer 3 copy 7","refId":"image_1","sr":1,"ks":{"o":{"a":0,"k":100,"ix":11},"r":{"a":0,"k":0,"ix":10},"p":{"a":0,"k":[19,224.5,0],"ix":2},"a":{"a":0,"k":[379,336.5,0],"ix":1},"s":{"a":0,"k":[100,100,100],"ix":6}},"ao":0,"ip":10.0000004073083,"op":13.0000005295009,"st":1.00000004073083,"bm":0},{"ddd":0,"ind":8,"ty":2,"nm":"Layer 3 copy 6","refId":"image_2","sr":1,"ks":{"o":{"a":0,"k":100,"ix":11},"r":{"a":0,"k":0,"ix":10},"p":{"a":0,"k":[19,224.5,0],"ix":2},"a":{"a":0,"k":[379,336.5,0],"ix":1},"s":{"a":0,"k":[100,100,100],"ix":6}},"ao":0,"ip":7.00000028511585,"op":10.0000004073084,"st":1.00000004073083,"bm":0},{"ddd":0,"ind":9,"ty":2,"nm":"Layer 3 copy 5","refId":"image_3","sr":1,"ks":{"o":{"a":0,"k":100,"ix":11},"r":{"a":0,"k":0,"ix":10},"p":{"a":0,"k":[19,224.5,0],"ix":2},"a":{"a":0,"k":[379,336.5,0],"ix":1},"s":{"a":0,"k":[100,100,100],"ix":6}},"ao":0,"ip":4.00000016292334,"op":7.00000028511585,"st":1.00000004073083,"bm":0},{"ddd":0,"ind":10,"ty":2,"nm":"Layer 4","refId":"image_4","sr":1,"ks":{"o":{"a":0,"k":100,"ix":11},"r":{"a":0,"k":0,"ix":10},"p":{"a":0,"k":[19,224.5,0],"ix":2},"a":{"a":0,"k":[379,336.5,0],"ix":1},"s":{"a":0,"k":[100,100,100],"ix":6}},"ao":0,"ip":1.00000004073083,"op":4.00000016292334,"st":1.00000004073083,"bm":0},{"ddd":0,"ind":11,"ty":2,"nm":"Layer 3 copy 4","refId":"image_0","sr":1,"ks":{"o":{"a":0,"k":100,"ix":11},"r":{"a":0,"k":0,"ix":10},"p":{"a":0,"k":[379,336.5,0],"ix":2},"a":{"a":0,"k":[379,336.5,0],"ix":1},"s":{"a":0,"k":[100,100,100],"ix":6}},"ao":0,"ip":12.00000048877,"op":15.0000006109625,"st":0,"bm":0},{"ddd":0,"ind":12,"ty":2,"nm":"Layer 3 copy 3","refId":"image_1","sr":1,"ks":{"o":{"a":0,"k":100,"ix":11},"r":{"a":0,"k":0,"ix":10},"p":{"a":0,"k":[379,336.5,0],"ix":2},"a":{"a":0,"k":[379,336.5,0],"ix":1},"s":{"a":0,"k":[100,100,100],"ix":6}},"ao":0,"ip":9.00000036657752,"op":12.00000048877,"st":0,"bm":0},{"ddd":0,"ind":13,"ty":2,"nm":"Layer 3 copy 2","refId":"image_2","sr":1,"ks":{"o":{"a":0,"k":100,"ix":11},"r":{"a":0,"k":0,"ix":10},"p":{"a":0,"k":[379,336.5,0],"ix":2},"a":{"a":0,"k":[379,336.5,0],"ix":1},"s":{"a":0,"k":[100,100,100],"ix":6}},"ao":0,"ip":6.00000024438501,"op":9.00000036657752,"st":0,"bm":0},{"ddd":0,"ind":14,"ty":2,"nm":"Layer 3 copy","refId":"image_3","sr":1,"ks":{"o":{"a":0,"k":100,"ix":11},"r":{"a":0,"k":0,"ix":10},"p":{"a":0,"k":[379,336.5,0],"ix":2},"a":{"a":0,"k":[379,336.5,0],"ix":1},"s":{"a":0,"k":[100,100,100],"ix":6}},"ao":0,"ip":3.00000012219251,"op":6.00000024438501,"st":0,"bm":0},{"ddd":0,"ind":15,"ty":2,"nm":"Layer 3","refId":"image_4","sr":1,"ks":{"o":{"a":0,"k":100,"ix":11},"r":{"a":0,"k":0,"ix":10},"p":{"a":0,"k":[379,336.5,0],"ix":2},"a":{"a":0,"k":[379,336.5,0],"ix":1},"s":{"a":0,"k":[100,100,100],"ix":6}},"ao":0,"ip":0,"op":3.00000012219251,"st":0,"bm":0},{"ddd":0,"ind":16,"ty":2,"nm":"1 copy","refId":"image_5","sr":1,"ks":{"o":{"a":0,"k":100,"ix":11},"r":{"a":0,"k":0,"ix":10},"p":{"a":0,"k":[362,399.5,0],"ix":2},"a":{"a":0,"k":[193,213.5,0],"ix":1},"s":{"a":1,"k":[{"i":{"x":[0.833,0.833,0.833],"y":[0.833,0.833,0.833]},"o":{"x":[0.167,0.167,0.167],"y":[0.167,0.167,0.167]},"n":["0p833_0p833_0p167_0p167","0p833_0p833_0p167_0p167","0p833_0p833_0p167_0p167"],"t":0,"s":[20,20,100],"e":[20,20,100]},{"i":{"x":[0.833,0.833,0.833],"y":[0.833,0.833,0.833]},"o":{"x":[0.167,0.167,0.167],"y":[0.167,0.167,0.167]},"n":["0p833_0p833_0p167_0p167","0p833_0p833_0p167_0p167","0p833_0p833_0p167_0p167"],"t":2,"s":[20,20,100],"e":[110,110,100]},{"i":{"x":[0.833,0.833,0.833],"y":[0.833,0.833,0.833]},"o":{"x":[0.167,0.167,0.167],"y":[0.167,0.167,0.167]},"n":["0p833_0p833_0p167_0p167","0p833_0p833_0p167_0p167","0p833_0p833_0p167_0p167"],"t":3,"s":[110,110,100],"e":[110,110,100]},{"i":{"x":[0.833,0.833,0.833],"y":[0.833,0.833,0.833]},"o":{"x":[0.167,0.167,0.167],"y":[0.167,0.167,0.167]},"n":["0p833_0p833_0p167_0p167","0p833_0p833_0p167_0p167","0p833_0p833_0p167_0p167"],"t":5,"s":[110,110,100],"e":[100,100,100]},{"i":{"x":[0.833,0.833,0.833],"y":[0.833,0.833,0.833]},"o":{"x":[0.167,0.167,0.167],"y":[0.167,0.167,0.167]},"n":["0p833_0p833_0p167_0p167","0p833_0p833_0p167_0p167","0p833_0p833_0p167_0p167"],"t":6,"s":[100,100,100],"e":[100,100,100]},{"i":{"x":[0.833,0.833,0.833],"y":[0.833,0.833,0.833]},"o":{"x":[0.167,0.167,0.167],"y":[0.167,0.167,0.167]},"n":["0p833_0p833_0p167_0p167","0p833_0p833_0p167_0p167","0p833_0p833_0p167_0p167"],"t":24,"s":[100,100,100],"e":[109.048,109.048,100]},{"i":{"x":[0.833,0.833,0.833],"y":[0.833,0.833,0.833]},"o":{"x":[0.167,0.167,0.167],"y":[0.167,0.167,0.167]},"n":["0p833_0p833_0p167_0p167","0p833_0p833_0p167_0p167","0p833_0p833_0p167_0p167"],"t":25,"s":[109.048,109.048,100],"e":[110,110,100]},{"i":{"x":[0.833,0.833,0.833],"y":[0.833,0.833,0.833]},"o":{"x":[0.167,0.167,0.167],"y":[0.167,0.167,0.167]},"n":["0p833_0p833_0p167_0p167","0p833_0p833_0p167_0p167","0p833_0p833_0p167_0p167"],"t":28,"s":[110,110,100],"e":[20,20,100]},{"i":{"x":[0.833,0.833,0.833],"y":[0.833,0.833,0.833]},"o":{"x":[0.167,0.167,0.167],"y":[0.167,0.167,0.167]},"n":["0p833_0p833_0p167_0p167","0p833_0p833_0p167_0p167","0p833_0p833_0p167_0p167"],"t":29,"s":[20,20,100],"e":[20,20,100]},{"t":31.0000012626559}],"ix":6}},"ao":0,"ip":0,"op":31.0000012626559,"st":0,"bm":0}],"markers":[]}