{"v":"5.2.1","fr":30,"ip":0,"op":60,"w":3840,"h":2160,"nm":"endgame scene_2","ddd":0,"assets":[{"id":"image_0","w":123,"h":70,"u":"images/","p":"mouth_copy_7_endgame_scene_2.png","e":0},{"id":"image_1","w":92,"h":166,"u":"images/","p":"top_arm_endgame_scene_2.png","e":0},{"id":"image_2","w":182,"h":44,"u":"images/","p":"blink_1_endgame_scene_2.png","e":0},{"id":"image_3","w":185,"h":71,"u":"images/","p":"blink_2_endgame_scene_2.png","e":0},{"id":"image_4","w":428,"h":463,"u":"images/","p":"bod_endgame_scene_2.png","e":0},{"id":"image_5","w":99,"h":107,"u":"images/","p":"bottom_arm_endgame_scene_2.png","e":0},{"id":"image_6","w":204,"h":102,"u":"images/","p":"legs_endgame_scene_2.png","e":0},{"id":"image_7","w":84,"h":120,"u":"images/","p":"blink_2_endgame_scene_2_0.png","e":0},{"id":"image_8","w":83,"h":118,"u":"images/","p":"blink_1_endgame_scene_2_1.png","e":0},{"id":"image_9","w":178,"h":246,"u":"images/","p":"r_arm_endgame_scene_2.png","e":0},{"id":"image_10","w":419,"h":419,"u":"images/","p":"bod_endgame_scene_2_2.png","e":0},{"id":"image_11","w":259,"h":159,"u":"images/","p":"l_arm_endgame_scene_2.png","e":0},{"id":"image_12","w":281,"h":112,"u":"images/","p":"r_foot_endgame_scene_2.png","e":0},{"id":"image_13","w":115,"h":239,"u":"images/","p":"l_arm_endgame_scene_2_3.png","e":0},{"id":"image_14","w":229,"h":52,"u":"images/","p":"blink1_endgame_scene_2.png","e":0},{"id":"image_15","w":229,"h":105,"u":"images/","p":"blink1_copy_endgame_scene_2.png","e":0},{"id":"image_16","w":418,"h":454,"u":"images/","p":"bod_endgame_scene_2_4.png","e":0},{"id":"image_17","w":115,"h":238,"u":"images/","p":"r_arm_endgame_scene_2_5.png","e":0},{"id":"image_18","w":112,"h":132,"u":"images/","p":"r_leg_endgame_scene_2.png","e":0},{"id":"image_19","w":61,"h":151,"u":"images/","p":"l_leg_endgame_scene_2.png","e":0},{"id":"image_20","w":129,"h":126,"u":"images/","p":"r_hand_endgame_scene_2.png","e":0},{"id":"image_21","w":81,"h":116,"u":"images/","p":"r_arm_endgame_scene_2_6.png","e":0},{"id":"image_22","w":238,"h":101,"u":"images/","p":"blink3_endgame_scene_2.png","e":0},{"id":"image_23","w":235,"h":83,"u":"images/","p":"blink2_endgame_scene_2.png","e":0},{"id":"image_24","w":229,"h":52,"u":"images/","p":"blink1_endgame_scene_2_7.png","e":0},{"id":"image_25","w":634,"h":514,"u":"images/","p":"mouf_endgame_scene_2.png","e":0},{"id":"image_26","w":171,"h":191,"u":"images/","p":"l_hand_endgame_scene_2.png","e":0},{"id":"image_27","w":339,"h":142,"u":"images/","p":"r_leg_endgame_scene_2_8.png","e":0},{"id":"image_28","w":282,"h":254,"u":"images/","p":"r_hand_endgame_scene_2_9.png","e":0},{"id":"image_29","w":169,"h":66,"u":"images/","p":"r_arm_endgame_scene_2_10.png","e":0},{"id":"image_30","w":214,"h":95,"u":"images/","p":"blink1_copy_2_endgame_scene_2.png","e":0},{"id":"image_31","w":242,"h":107,"u":"images/","p":"blink1_copy_endgame_scene_2_11.png","e":0},{"id":"image_32","w":214,"h":95,"u":"images/","p":"blink1_endgame_scene_2_12.png","e":0},{"id":"image_33","w":416,"h":419,"u":"images/","p":"bod_endgame_scene_2_13.png","e":0},{"id":"image_34","w":325,"h":218,"u":"images/","p":"feet_endgame_scene_2.png","e":0},{"id":"image_35","w":162,"h":147,"u":"images/","p":"l_hand_endgame_scene_2_14.png","e":0},{"id":"image_36","w":223,"h":74,"u":"images/","p":"blink1_endgame_scene_2_15.png","e":0},{"id":"image_37","w":223,"h":109,"u":"images/","p":"blink2_endgame_scene_2_16.png","e":0},{"id":"image_38","w":130,"h":191,"u":"images/","p":"r_hand_endgame_scene_2_17.png","e":0},{"id":"image_39","w":549,"h":574,"u":"images/","p":"bod_endgame_scene_2_18.png","e":0},{"id":"image_40","w":157,"h":173,"u":"images/","p":"r_hand_copy_endgame_scene_2.png","e":0},{"id":"image_41","w":212,"h":131,"u":"images/","p":"r_leg_endgame_scene_2_19.png","e":0},{"id":"comp_0","layers":[{"ddd":0,"ind":1,"ty":2,"nm":"mouth copy 7","parent":12,"refId":"image_0","sr":1,"ks":{"o":{"a":0,"k":100,"ix":11},"r":{"a":0,"k":0,"ix":10},"p":{"a":0,"k":[292.5,324,0],"ix":2},"a":{"a":0,"k":[61.5,35,0],"ix":1},"s":{"a":0,"k":[100,100,100],"ix":6}},"ao":0,"ip":0,"op":73,"st":0,"bm":0},{"ddd":0,"ind":2,"ty":2,"nm":"top arm","parent":12,"refId":"image_1","sr":1,"ks":{"o":{"a":0,"k":100,"ix":11},"r":{"a":0,"k":0,"ix":10},"p":{"a":0,"k":[81,250,0],"ix":2},"a":{"a":0,"k":[92,0,0],"ix":1},"s":{"a":0,"k":[100,100,100],"ix":6}},"ao":0,"ip":0,"op":73,"st":0,"bm":0},{"ddd":0,"ind":3,"ty":2,"nm":"blink 9","parent":12,"refId":"image_2","sr":1,"ks":{"o":{"a":0,"k":100,"ix":11},"r":{"a":0,"k":0,"ix":10},"p":{"a":0,"k":[309,198,0],"ix":2},"a":{"a":0,"k":[91,22,0],"ix":1},"s":{"a":0,"k":[100,100,100],"ix":6}},"ao":0,"ip":54,"op":57,"st":54,"bm":0},{"ddd":0,"ind":4,"ty":2,"nm":"blink 6","parent":12,"refId":"image_2","sr":1,"ks":{"o":{"a":0,"k":100,"ix":11},"r":{"a":0,"k":0,"ix":10},"p":{"a":0,"k":[309,198,0],"ix":2},"a":{"a":0,"k":[91,22,0],"ix":1},"s":{"a":0,"k":[100,100,100],"ix":6}},"ao":0,"ip":38,"op":41,"st":38,"bm":0},{"ddd":0,"ind":5,"ty":2,"nm":"blink 3","parent":12,"refId":"image_2","sr":1,"ks":{"o":{"a":0,"k":100,"ix":11},"r":{"a":0,"k":0,"ix":10},"p":{"a":0,"k":[309,198,0],"ix":2},"a":{"a":0,"k":[91,22,0],"ix":1},"s":{"a":0,"k":[100,100,100],"ix":6}},"ao":0,"ip":6,"op":9,"st":6,"bm":0},{"ddd":0,"ind":6,"ty":2,"nm":"blink 8","parent":12,"refId":"image_3","sr":1,"ks":{"o":{"a":0,"k":100,"ix":11},"r":{"a":0,"k":0,"ix":10},"p":{"a":0,"k":[310.5,211.5,0],"ix":2},"a":{"a":0,"k":[92.5,35.5,0],"ix":1},"s":{"a":0,"k":[100,100,100],"ix":6}},"ao":0,"ip":51,"op":54,"st":51,"bm":0},{"ddd":0,"ind":7,"ty":2,"nm":"blink 5","parent":12,"refId":"image_3","sr":1,"ks":{"o":{"a":0,"k":100,"ix":11},"r":{"a":0,"k":0,"ix":10},"p":{"a":0,"k":[310.5,211.5,0],"ix":2},"a":{"a":0,"k":[92.5,35.5,0],"ix":1},"s":{"a":0,"k":[100,100,100],"ix":6}},"ao":0,"ip":35,"op":38,"st":35,"bm":0},{"ddd":0,"ind":8,"ty":2,"nm":"blink 2","parent":12,"refId":"image_3","sr":1,"ks":{"o":{"a":0,"k":100,"ix":11},"r":{"a":0,"k":0,"ix":10},"p":{"a":0,"k":[310.5,211.5,0],"ix":2},"a":{"a":0,"k":[92.5,35.5,0],"ix":1},"s":{"a":0,"k":[100,100,100],"ix":6}},"ao":0,"ip":3,"op":6,"st":3,"bm":0},{"ddd":0,"ind":9,"ty":2,"nm":"blink 7","parent":12,"refId":"image_2","sr":1,"ks":{"o":{"a":0,"k":100,"ix":11},"r":{"a":0,"k":0,"ix":10},"p":{"a":0,"k":[309,198,0],"ix":2},"a":{"a":0,"k":[91,22,0],"ix":1},"s":{"a":0,"k":[100,100,100],"ix":6}},"ao":0,"ip":48,"op":51,"st":48,"bm":0},{"ddd":0,"ind":10,"ty":2,"nm":"blink 4","parent":12,"refId":"image_2","sr":1,"ks":{"o":{"a":0,"k":100,"ix":11},"r":{"a":0,"k":0,"ix":10},"p":{"a":0,"k":[309,198,0],"ix":2},"a":{"a":0,"k":[91,22,0],"ix":1},"s":{"a":0,"k":[100,100,100],"ix":6}},"ao":0,"ip":32,"op":35,"st":32,"bm":0},{"ddd":0,"ind":11,"ty":2,"nm":"blink 1","parent":12,"refId":"image_2","sr":1,"ks":{"o":{"a":0,"k":100,"ix":11},"r":{"a":0,"k":0,"ix":10},"p":{"a":0,"k":[309,198,0],"ix":2},"a":{"a":0,"k":[91,22,0],"ix":1},"s":{"a":0,"k":[100,100,100],"ix":6}},"ao":0,"ip":0,"op":3,"st":0,"bm":0},{"ddd":0,"ind":12,"ty":2,"nm":"bod","refId":"image_4","sr":1,"ks":{"o":{"a":0,"k":100,"ix":11},"r":{"a":0,"k":0,"ix":10},"p":{"a":1,"k":[{"i":{"x":0.667,"y":1},"o":{"x":0.333,"y":0},"n":"0p667_1_0p333_0","t":0,"s":[1149,1292.5,0],"e":[1149,1304.5,0],"to":[0,2,0],"ti":[0,0,0]},{"i":{"x":0.667,"y":1},"o":{"x":0.333,"y":0},"n":"0p667_1_0p333_0","t":4,"s":[1149,1304.5,0],"e":[1149,1292.5,0],"to":[0,0,0],"ti":[0,2,0]},{"i":{"x":0.667,"y":0.667},"o":{"x":0.333,"y":0.333},"n":"0p667_0p667_0p333_0p333","t":7,"s":[1149,1292.5,0],"e":[1149,1292.5,0],"to":[0,0,0],"ti":[0,0,0]},{"i":{"x":0.667,"y":0.667},"o":{"x":0.333,"y":0.333},"n":"0p667_0p667_0p333_0p333","t":13,"s":[1149,1292.5,0],"e":[1149,1292.5,0],"to":[0,0,0],"ti":[0,0,0]},{"i":{"x":0.667,"y":1},"o":{"x":0.333,"y":0},"n":"0p667_1_0p333_0","t":31,"s":[1149,1292.5,0],"e":[1149,1304.5,0],"to":[0,2,0],"ti":[0,0,0]},{"i":{"x":0.667,"y":1},"o":{"x":0.333,"y":0},"n":"0p667_1_0p333_0","t":35,"s":[1149,1304.5,0],"e":[1149,1292.5,0],"to":[0,0,0],"ti":[0,2,0]},{"i":{"x":0.667,"y":0.667},"o":{"x":0.333,"y":0.333},"n":"0p667_0p667_0p333_0p333","t":38,"s":[1149,1292.5,0],"e":[1149,1292.5,0],"to":[0,0,0],"ti":[0,0,0]},{"t":44}],"ix":2},"a":{"a":0,"k":[214,231.5,0],"ix":1},"s":{"a":0,"k":[100,100,100],"ix":6}},"ao":0,"ip":0,"op":73,"st":0,"bm":0},{"ddd":0,"ind":13,"ty":2,"nm":"bottom arm","parent":12,"refId":"image_5","sr":1,"ks":{"o":{"a":0,"k":100,"ix":11},"r":{"a":0,"k":0,"ix":10},"p":{"a":0,"k":[411,261,0],"ix":2},"a":{"a":0,"k":[0,0,0],"ix":1},"s":{"a":0,"k":[100,100,100],"ix":6}},"ao":0,"ip":0,"op":73,"st":0,"bm":0},{"ddd":0,"ind":14,"ty":2,"nm":"legs","refId":"image_6","sr":1,"ks":{"o":{"a":0,"k":100,"ix":11},"r":{"a":0,"k":0,"ix":10},"p":{"a":0,"k":[1198,1489,0],"ix":2},"a":{"a":0,"k":[102,51,0],"ix":1},"s":{"a":0,"k":[100,100,100],"ix":6}},"ao":0,"ip":0,"op":73,"st":0,"bm":0}]},{"id":"comp_1","layers":[{"ddd":0,"ind":1,"ty":2,"nm":"blink 6","parent":8,"refId":"image_7","sr":1,"ks":{"o":{"a":0,"k":100,"ix":11},"r":{"a":0,"k":0,"ix":10},"p":{"a":0,"k":[68,184,0],"ix":2},"a":{"a":0,"k":[42,60,0],"ix":1},"s":{"a":0,"k":[100,100,100],"ix":6}},"ao":0,"ip":20,"op":23,"st":-20,"bm":0},{"ddd":0,"ind":2,"ty":2,"nm":"blink 2","parent":8,"refId":"image_7","sr":1,"ks":{"o":{"a":0,"k":100,"ix":11},"r":{"a":0,"k":0,"ix":10},"p":{"a":0,"k":[68,184,0],"ix":2},"a":{"a":0,"k":[42,60,0],"ix":1},"s":{"a":0,"k":[100,100,100],"ix":6}},"ao":0,"ip":40,"op":43,"st":0,"bm":0},{"ddd":0,"ind":3,"ty":2,"nm":"blink 5","parent":8,"refId":"image_8","sr":1,"ks":{"o":{"a":0,"k":100,"ix":11},"r":{"a":0,"k":0,"ix":10},"p":{"a":0,"k":[68.5,183,0],"ix":2},"a":{"a":0,"k":[41.5,59,0],"ix":1},"s":{"a":0,"k":[100,100,100],"ix":6}},"ao":0,"ip":23,"op":26,"st":-17,"bm":0},{"ddd":0,"ind":4,"ty":2,"nm":"blink 3","parent":8,"refId":"image_8","sr":1,"ks":{"o":{"a":0,"k":100,"ix":11},"r":{"a":0,"k":0,"ix":10},"p":{"a":0,"k":[68.5,183,0],"ix":2},"a":{"a":0,"k":[41.5,59,0],"ix":1},"s":{"a":0,"k":[100,100,100],"ix":6}},"ao":0,"ip":43,"op":46,"st":3,"bm":0},{"ddd":0,"ind":5,"ty":2,"nm":"blink 4","parent":8,"refId":"image_8","sr":1,"ks":{"o":{"a":0,"k":100,"ix":11},"r":{"a":0,"k":0,"ix":10},"p":{"a":0,"k":[68.5,183,0],"ix":2},"a":{"a":0,"k":[41.5,59,0],"ix":1},"s":{"a":0,"k":[100,100,100],"ix":6}},"ao":0,"ip":17,"op":20,"st":-23,"bm":0},{"ddd":0,"ind":6,"ty":2,"nm":"blink 1","parent":8,"refId":"image_8","sr":1,"ks":{"o":{"a":0,"k":100,"ix":11},"r":{"a":0,"k":0,"ix":10},"p":{"a":0,"k":[68.5,183,0],"ix":2},"a":{"a":0,"k":[41.5,59,0],"ix":1},"s":{"a":0,"k":[100,100,100],"ix":6}},"ao":0,"ip":37,"op":40,"st":-3,"bm":0},{"ddd":0,"ind":7,"ty":2,"nm":"r arm","parent":8,"refId":"image_9","sr":1,"ks":{"o":{"a":0,"k":100,"ix":11},"r":{"a":1,"k":[{"i":{"x":[0.569],"y":[1]},"o":{"x":[0.2],"y":[0]},"n":["0p569_1_0p2_0"],"t":0,"s":[0],"e":[-10]},{"i":{"x":[0.66],"y":[0.811]},"o":{"x":[0.315],"y":[0]},"n":["0p66_0p811_0p315_0"],"t":18,"s":[-10],"e":[10.623]},{"i":{"x":[0.698],"y":[1]},"o":{"x":[0.351],"y":[-0.312]},"n":["0p698_1_0p351_-0p312"],"t":41,"s":[10.623],"e":[0]},{"t":60}],"ix":10},"p":{"a":0,"k":[360,209.5,0],"ix":2},"a":{"a":0,"k":[0,2.5,0],"ix":1},"s":{"a":0,"k":[100,100,100],"ix":6}},"ao":0,"ip":0,"op":73,"st":0,"bm":0},{"ddd":0,"ind":8,"ty":2,"nm":"bod","refId":"image_10","sr":1,"ks":{"o":{"a":0,"k":100,"ix":11},"r":{"a":0,"k":0,"ix":10},"p":{"a":1,"k":[{"i":{"x":0.667,"y":1},"o":{"x":0.333,"y":0},"n":"0p667_1_0p333_0","t":25,"s":[2637.5,1279.5,0],"e":[2637.5,1294.5,0],"to":[0,2.5,0],"ti":[0,0,0]},{"i":{"x":0.667,"y":1},"o":{"x":0.333,"y":0},"n":"0p667_1_0p333_0","t":27,"s":[2637.5,1294.5,0],"e":[2637.5,1279.5,0],"to":[0,0,0],"ti":[0,1.66666662693024,0]},{"i":{"x":0.667,"y":1},"o":{"x":0.333,"y":0},"n":"0p667_1_0p333_0","t":30,"s":[2637.5,1279.5,0],"e":[2637.5,1284.5,0],"to":[0,-1.66666662693024,0],"ti":[0,-0.83333331346512,0]},{"t":34}],"ix":2},"a":{"a":0,"k":[209.5,209.5,0],"ix":1},"s":{"a":0,"k":[100,100,100],"ix":6}},"ao":0,"ip":0,"op":61,"st":0,"bm":0},{"ddd":0,"ind":9,"ty":2,"nm":"l arm","parent":8,"refId":"image_11","sr":1,"ks":{"o":{"a":0,"k":100,"ix":11},"r":{"a":1,"k":[{"i":{"x":[0.833],"y":[1]},"o":{"x":[0.333],"y":[0]},"n":["0p833_1_0p333_0"],"t":0,"s":[0],"e":[-12]},{"i":{"x":[0.667],"y":[1]},"o":{"x":[0.167],"y":[0]},"n":["0p667_1_0p167_0"],"t":20,"s":[-12],"e":[8]},{"i":{"x":[0.667],"y":[1]},"o":{"x":[0.333],"y":[0]},"n":["0p667_1_0p333_0"],"t":42,"s":[8],"e":[0]},{"t":60}],"ix":10},"p":{"a":0,"k":[0,258,0],"ix":2},"a":{"a":0,"k":[246,159,0],"ix":1},"s":{"a":0,"k":[100,100,100],"ix":6}},"ao":0,"ip":0,"op":61,"st":0,"bm":0},{"ddd":0,"ind":10,"ty":2,"nm":"r foot","refId":"image_12","sr":1,"ks":{"o":{"a":0,"k":100,"ix":11},"r":{"a":0,"k":0,"ix":10},"p":{"a":0,"k":[2564.5,1504,0],"ix":2},"a":{"a":0,"k":[140.5,56,0],"ix":1},"s":{"a":0,"k":[100,100,100],"ix":6}},"ao":0,"ip":0,"op":60,"st":0,"bm":0}]},{"id":"comp_2","layers":[{"ddd":0,"ind":1,"ty":2,"nm":"l arm","parent":5,"refId":"image_13","sr":1,"ks":{"o":{"a":0,"k":100,"ix":11},"r":{"a":1,"k":[{"i":{"x":[0.833],"y":[1]},"o":{"x":[0.333],"y":[0]},"n":["0p833_1_0p333_0"],"t":0,"s":[0],"e":[-7]},{"i":{"x":[0.667],"y":[1]},"o":{"x":[0.167],"y":[0]},"n":["0p667_1_0p167_0"],"t":27,"s":[-7],"e":[0]},{"t":60}],"ix":10},"p":{"a":0,"k":[92,254,0],"ix":2},"a":{"a":0,"k":[115,0,0],"ix":1},"s":{"a":0,"k":[100,100,100],"ix":6}},"ao":0,"ip":0,"op":68,"st":0,"bm":0},{"ddd":0,"ind":2,"ty":2,"nm":"blink2","parent":5,"refId":"image_14","sr":1,"ks":{"o":{"a":0,"k":100,"ix":11},"r":{"a":0,"k":-0.048,"ix":10},"p":{"a":0,"k":[293.347,228.997,0],"ix":2},"a":{"a":0,"k":[114.5,26,0],"ix":1},"s":{"a":0,"k":[100,100,100],"ix":6}},"ao":0,"ip":6,"op":9,"st":6,"bm":0},{"ddd":0,"ind":3,"ty":2,"nm":"blink1 copy","parent":5,"refId":"image_15","sr":1,"ks":{"o":{"a":0,"k":100,"ix":11},"r":{"a":0,"k":0,"ix":10},"p":{"a":0,"k":[293.5,255.5,0],"ix":2},"a":{"a":0,"k":[114.5,52.5,0],"ix":1},"s":{"a":0,"k":[100,100,100],"ix":6}},"ao":0,"ip":3,"op":6,"st":3,"bm":0},{"ddd":0,"ind":4,"ty":2,"nm":"blink1","parent":5,"refId":"image_14","sr":1,"ks":{"o":{"a":0,"k":100,"ix":11},"r":{"a":0,"k":0,"ix":10},"p":{"a":0,"k":[293.5,229,0],"ix":2},"a":{"a":0,"k":[114.5,26,0],"ix":1},"s":{"a":0,"k":[100,100,100],"ix":6}},"ao":0,"ip":0,"op":3,"st":0,"bm":0},{"ddd":0,"ind":5,"ty":2,"nm":"bod","refId":"image_16","sr":1,"ks":{"o":{"a":0,"k":100,"ix":11},"r":{"a":1,"k":[{"i":{"x":[0.833],"y":[1]},"o":{"x":[0.333],"y":[0]},"n":["0p833_1_0p333_0"],"t":0,"s":[0],"e":[4]},{"i":{"x":[0.667],"y":[1]},"o":{"x":[0.167],"y":[0]},"n":["0p667_1_0p167_0"],"t":30,"s":[4],"e":[0]},{"t":60}],"ix":10},"p":{"a":0,"k":[875,1096,0],"ix":2},"a":{"a":0,"k":[290,411,0],"ix":1},"s":{"a":0,"k":[100,100,100],"ix":6}},"ao":0,"ip":0,"op":68,"st":0,"bm":0},{"ddd":0,"ind":6,"ty":2,"nm":"r arm","parent":5,"refId":"image_17","sr":1,"ks":{"o":{"a":0,"k":100,"ix":11},"r":{"a":1,"k":[{"i":{"x":[0.833],"y":[1]},"o":{"x":[0.333],"y":[0]},"n":["0p833_1_0p333_0"],"t":0,"s":[0],"e":[7]},{"i":{"x":[0.667],"y":[1]},"o":{"x":[0.167],"y":[0]},"n":["0p667_1_0p167_0"],"t":32,"s":[7],"e":[0]},{"t":60}],"ix":10},"p":{"a":0,"k":[389,254,0],"ix":2},"a":{"a":0,"k":[0,0,0],"ix":1},"s":{"a":0,"k":[100,100,100],"ix":6}},"ao":0,"ip":0,"op":75,"st":0,"bm":0},{"ddd":0,"ind":7,"ty":2,"nm":"r leg","parent":5,"refId":"image_18","sr":1,"ks":{"o":{"a":0,"k":100,"ix":11},"r":{"a":1,"k":[{"i":{"x":[0.833],"y":[1]},"o":{"x":[0.333],"y":[0]},"n":["0p833_1_0p333_0"],"t":0,"s":[0],"e":[10]},{"i":{"x":[0.833],"y":[1]},"o":{"x":[0.167],"y":[0]},"n":["0p833_1_0p167_0"],"t":21,"s":[10],"e":[-11]},{"i":{"x":[0.667],"y":[1]},"o":{"x":[0.167],"y":[0]},"n":["0p667_1_0p167_0"],"t":41,"s":[-11],"e":[0]},{"t":60}],"ix":10},"p":{"a":0,"k":[209,420,0],"ix":2},"a":{"a":0,"k":[101,0,0],"ix":1},"s":{"a":0,"k":[100,100,100],"ix":6}},"ao":0,"ip":0,"op":75,"st":0,"bm":0},{"ddd":0,"ind":8,"ty":2,"nm":"l leg","refId":"image_19","sr":1,"ks":{"o":{"a":0,"k":100,"ix":11},"r":{"a":0,"k":0,"ix":10},"p":{"a":0,"k":[905.5,1171.5,0],"ix":2},"a":{"a":0,"k":[30.5,75.5,0],"ix":1},"s":{"a":0,"k":[100,100,100],"ix":6}},"ao":0,"ip":0,"op":75,"st":0,"bm":0}]},{"id":"comp_3","layers":[{"ddd":0,"ind":1,"ty":2,"nm":"r hand","parent":2,"refId":"image_20","sr":1,"ks":{"o":{"a":0,"k":100,"ix":11},"r":{"a":0,"k":3,"ix":10},"p":{"a":0,"k":[81,0,0],"ix":2},"a":{"a":0,"k":[170,-81,0],"ix":1},"s":{"a":0,"k":[100,100,100],"ix":6}},"ao":0,"ip":0,"op":74,"st":0,"bm":0},{"ddd":0,"ind":2,"ty":2,"nm":"r arm","parent":6,"refId":"image_21","sr":1,"ks":{"o":{"a":0,"k":100,"ix":11},"r":{"a":1,"k":[{"i":{"x":[0.833],"y":[1]},"o":{"x":[0.333],"y":[0]},"n":["0p833_1_0p333_0"],"t":0,"s":[0],"e":[-5]},{"i":{"x":[0.667],"y":[1]},"o":{"x":[0.167],"y":[0]},"n":["0p667_1_0p167_0"],"t":24,"s":[-5],"e":[0]},{"t":60}],"ix":10},"p":{"a":0,"k":[184,343,0],"ix":2},"a":{"a":0,"k":[81,0,0],"ix":1},"s":{"a":0,"k":[100,100,100],"ix":6}},"ao":0,"ip":0,"op":74,"st":0,"bm":0},{"ddd":0,"ind":3,"ty":2,"nm":"blink3","parent":6,"refId":"image_22","sr":1,"ks":{"o":{"a":0,"k":100,"ix":11},"r":{"a":0,"k":0,"ix":10},"p":{"a":0,"k":[394,296.5,0],"ix":2},"a":{"a":0,"k":[119,50.5,0],"ix":1},"s":{"a":0,"k":[100,100,100],"ix":6}},"ao":0,"ip":48,"op":51,"st":6,"bm":0},{"ddd":0,"ind":4,"ty":2,"nm":"blink2","parent":6,"refId":"image_23","sr":1,"ks":{"o":{"a":0,"k":100,"ix":11},"r":{"a":0,"k":0,"ix":10},"p":{"a":0,"k":[392.5,287.5,0],"ix":2},"a":{"a":0,"k":[117.5,41.5,0],"ix":1},"s":{"a":0,"k":[100,100,100],"ix":6}},"ao":0,"ip":45,"op":48,"st":3,"bm":0},{"ddd":0,"ind":5,"ty":2,"nm":"blink1","parent":6,"refId":"image_24","sr":1,"ks":{"o":{"a":0,"k":100,"ix":11},"r":{"a":0,"k":0,"ix":10},"p":{"a":0,"k":[389.5,272,0],"ix":2},"a":{"a":0,"k":[114.5,26,0],"ix":1},"s":{"a":0,"k":[100,100,100],"ix":6}},"ao":0,"ip":42,"op":45,"st":0,"bm":0},{"ddd":0,"ind":6,"ty":2,"nm":"mouf","refId":"image_25","sr":1,"ks":{"o":{"a":0,"k":100,"ix":11},"r":{"a":0,"k":0,"ix":10},"p":{"a":1,"k":[{"i":{"x":0.667,"y":1},"o":{"x":0.333,"y":0},"n":"0p667_1_0p333_0","t":0,"s":[461,498,0],"e":[461,473,0],"to":[0,-4.16666650772095,0],"ti":[0,0,0]},{"i":{"x":0.667,"y":1},"o":{"x":0.333,"y":0},"n":"0p667_1_0p333_0","t":24,"s":[461,473,0],"e":[461,498,0],"to":[0,0,0],"ti":[0,-4.16666650772095,0]},{"t":60}],"ix":2},"a":{"a":0,"k":[317,257,0],"ix":1},"s":{"a":0,"k":[100,100,100],"ix":6}},"ao":0,"ip":0,"op":74,"st":0,"bm":0},{"ddd":0,"ind":7,"ty":2,"nm":"l hand","parent":6,"refId":"image_26","sr":1,"ks":{"o":{"a":0,"k":100,"ix":11},"r":{"a":1,"k":[{"i":{"x":[0.833],"y":[1]},"o":{"x":[0.333],"y":[0]},"n":["0p833_1_0p333_0"],"t":0,"s":[0],"e":[5]},{"i":{"x":[0.667],"y":[1]},"o":{"x":[0.167],"y":[0]},"n":["0p667_1_0p167_0"],"t":27,"s":[5],"e":[-3]},{"i":{"x":[0.667],"y":[1]},"o":{"x":[0.333],"y":[0]},"n":["0p667_1_0p333_0"],"t":48,"s":[-3],"e":[0]},{"t":60}],"ix":10},"p":{"a":0,"k":[496,344,0],"ix":2},"a":{"a":0,"k":[0,0,0],"ix":1},"s":{"a":0,"k":[100,100,100],"ix":6}},"ao":0,"ip":0,"op":74,"st":0,"bm":0},{"ddd":0,"ind":8,"ty":2,"nm":"r leg","parent":6,"refId":"image_27","sr":1,"ks":{"o":{"a":0,"k":100,"ix":11},"r":{"a":1,"k":[{"i":{"x":[0.833],"y":[1]},"o":{"x":[0.333],"y":[0]},"n":["0p833_1_0p333_0"],"t":0,"s":[0],"e":[-3]},{"i":{"x":[0.833],"y":[1]},"o":{"x":[0.167],"y":[0]},"n":["0p833_1_0p167_0"],"t":17,"s":[-3],"e":[3]},{"i":{"x":[0.667],"y":[1]},"o":{"x":[0.167],"y":[0]},"n":["0p667_1_0p167_0"],"t":39,"s":[3],"e":[0]},{"t":60}],"ix":10},"p":{"a":0,"k":[345.5,461,0],"ix":2},"a":{"a":0,"k":[169.5,0,0],"ix":1},"s":{"a":0,"k":[100,100,100],"ix":6}},"ao":0,"ip":0,"op":74,"st":0,"bm":0}]},{"id":"comp_4","layers":[{"ddd":0,"ind":1,"ty":2,"nm":"r hand","parent":2,"refId":"image_28","sr":1,"ks":{"o":{"a":0,"k":100,"ix":11},"r":{"a":0,"k":0,"ix":10},"p":{"a":0,"k":[92,157,0],"ix":2},"a":{"a":0,"k":[141,127,0],"ix":1},"s":{"a":0,"k":[100,100,100],"ix":6}},"ao":0,"ip":0,"op":72,"st":0,"bm":0},{"ddd":0,"ind":2,"ty":2,"nm":"r arm","parent":6,"refId":"image_29","sr":1,"ks":{"o":{"a":0,"k":100,"ix":11},"r":{"a":1,"k":[{"i":{"x":[0.833],"y":[1]},"o":{"x":[0.333],"y":[0]},"n":["0p833_1_0p333_0"],"t":0,"s":[0],"e":[-6]},{"i":{"x":[0.667],"y":[1]},"o":{"x":[0.167],"y":[0]},"n":["0p667_1_0p167_0"],"t":30,"s":[-6],"e":[0]},{"t":60}],"ix":10},"p":{"a":0,"k":[343,235,0],"ix":2},"a":{"a":0,"k":[0,0,0],"ix":1},"s":{"a":0,"k":[100,100,100],"ix":6}},"ao":0,"ip":0,"op":72,"st":0,"bm":0},{"ddd":0,"ind":3,"ty":2,"nm":"blink1 copy 4","parent":6,"refId":"image_30","sr":1,"ks":{"o":{"a":0,"k":100,"ix":11},"r":{"a":0,"k":0,"ix":10},"p":{"a":0,"k":[133,220.5,0],"ix":2},"a":{"a":0,"k":[107,47.5,0],"ix":1},"s":{"a":0,"k":[100,100,100],"ix":6}},"ao":0,"ip":27,"op":30,"st":27,"bm":0},{"ddd":0,"ind":4,"ty":2,"nm":"blink1 copy 3","parent":6,"refId":"image_31","sr":1,"ks":{"o":{"a":0,"k":100,"ix":11},"r":{"a":0,"k":0,"ix":10},"p":{"a":0,"k":[131,226.5,0],"ix":2},"a":{"a":0,"k":[121,53.5,0],"ix":1},"s":{"a":0,"k":[100,100,100],"ix":6}},"ao":0,"ip":24,"op":27,"st":24,"bm":0},{"ddd":0,"ind":5,"ty":2,"nm":"blink2","parent":6,"refId":"image_32","sr":1,"ks":{"o":{"a":0,"k":100,"ix":11},"r":{"a":0,"k":0,"ix":10},"p":{"a":0,"k":[133,220.5,0],"ix":2},"a":{"a":0,"k":[107,47.5,0],"ix":1},"s":{"a":0,"k":[100,100,100],"ix":6}},"ao":0,"ip":21,"op":24,"st":21,"bm":0},{"ddd":0,"ind":6,"ty":2,"nm":"bod","refId":"image_33","sr":1,"ks":{"o":{"a":0,"k":100,"ix":11},"r":{"a":1,"k":[{"i":{"x":[0.833],"y":[1]},"o":{"x":[0.167],"y":[0]},"n":["0p833_1_0p167_0"],"t":11,"s":[0],"e":[-2]},{"i":{"x":[0.833],"y":[1]},"o":{"x":[0.167],"y":[0]},"n":["0p833_1_0p167_0"],"t":22,"s":[-2],"e":[0]},{"t":35}],"ix":10},"p":{"a":1,"k":[{"i":{"x":0.667,"y":1},"o":{"x":0.333,"y":0},"n":"0p667_1_0p333_0","t":17,"s":[3039,915.5,0],"e":[3039,929.5,0],"to":[0,2.33333325386047,0],"ti":[0,0,0]},{"i":{"x":0.667,"y":1},"o":{"x":0.333,"y":0},"n":"0p667_1_0p333_0","t":24,"s":[3039,929.5,0],"e":[3039,915.5,0],"to":[0,0,0],"ti":[0,2.33333325386047,0]},{"t":32}],"ix":2},"a":{"a":0,"k":[208,209.5,0],"ix":1},"s":{"a":0,"k":[100,100,100],"ix":6}},"ao":0,"ip":0,"op":61,"st":0,"bm":0},{"ddd":0,"ind":7,"ty":2,"nm":"feet","refId":"image_34","sr":1,"ks":{"o":{"a":0,"k":100,"ix":11},"r":{"a":0,"k":0,"ix":10},"p":{"a":0,"k":[3023.5,1178,0],"ix":2},"a":{"a":0,"k":[162.5,109,0],"ix":1},"s":{"a":0,"k":[100,100,100],"ix":6}},"ao":0,"ip":0,"op":70,"st":0,"bm":0},{"ddd":0,"ind":8,"ty":2,"nm":"l hand","parent":6,"refId":"image_35","sr":1,"ks":{"o":{"a":0,"k":100,"ix":11},"r":{"a":1,"k":[{"i":{"x":[0.667],"y":[1]},"o":{"x":[0.333],"y":[0]},"n":["0p667_1_0p333_0"],"t":0,"s":[0],"e":[6]},{"i":{"x":[0.667],"y":[1]},"o":{"x":[0.333],"y":[0]},"n":["0p667_1_0p333_0"],"t":30,"s":[6],"e":[0]},{"t":60}],"ix":10},"p":{"a":0,"k":[10,240,0],"ix":2},"a":{"a":0,"k":[158,0,0],"ix":1},"s":{"a":0,"k":[100,100,100],"ix":6}},"ao":0,"ip":0,"op":70,"st":0,"bm":0}]},{"id":"comp_5","layers":[{"ddd":0,"ind":1,"ty":2,"nm":"blink9","parent":11,"refId":"image_36","sr":1,"ks":{"o":{"a":0,"k":100,"ix":11},"r":{"a":0,"k":0,"ix":10},"p":{"a":0,"k":[132.5,364,0],"ix":2},"a":{"a":0,"k":[111.5,37,0],"ix":1},"s":{"a":0,"k":[100,100,100],"ix":6}},"ao":0,"ip":39,"op":42,"st":39,"bm":0},{"ddd":0,"ind":2,"ty":2,"nm":"blink8","parent":11,"refId":"image_37","sr":1,"ks":{"o":{"a":0,"k":100,"ix":11},"r":{"a":0,"k":0,"ix":10},"p":{"a":0,"k":[132.5,381.5,0],"ix":2},"a":{"a":0,"k":[111.5,54.5,0],"ix":1},"s":{"a":0,"k":[100,100,100],"ix":6}},"ao":0,"ip":36,"op":39,"st":36,"bm":0},{"ddd":0,"ind":3,"ty":2,"nm":"blink7","parent":11,"refId":"image_36","sr":1,"ks":{"o":{"a":0,"k":100,"ix":11},"r":{"a":0,"k":0,"ix":10},"p":{"a":0,"k":[132.5,364,0],"ix":2},"a":{"a":0,"k":[111.5,37,0],"ix":1},"s":{"a":0,"k":[100,100,100],"ix":6}},"ao":0,"ip":33,"op":36,"st":33,"bm":0},{"ddd":0,"ind":4,"ty":2,"nm":"blink6","parent":11,"refId":"image_36","sr":1,"ks":{"o":{"a":0,"k":100,"ix":11},"r":{"a":0,"k":0,"ix":10},"p":{"a":0,"k":[132.5,364,0],"ix":2},"a":{"a":0,"k":[111.5,37,0],"ix":1},"s":{"a":0,"k":[100,100,100],"ix":6}},"ao":0,"ip":26,"op":29,"st":26,"bm":0},{"ddd":0,"ind":5,"ty":2,"nm":"blink5","parent":11,"refId":"image_37","sr":1,"ks":{"o":{"a":0,"k":100,"ix":11},"r":{"a":0,"k":0,"ix":10},"p":{"a":0,"k":[132.5,381.5,0],"ix":2},"a":{"a":0,"k":[111.5,54.5,0],"ix":1},"s":{"a":0,"k":[100,100,100],"ix":6}},"ao":0,"ip":23,"op":26,"st":23,"bm":0},{"ddd":0,"ind":6,"ty":2,"nm":"blink4","parent":11,"refId":"image_36","sr":1,"ks":{"o":{"a":0,"k":100,"ix":11},"r":{"a":0,"k":0,"ix":10},"p":{"a":0,"k":[132.5,364,0],"ix":2},"a":{"a":0,"k":[111.5,37,0],"ix":1},"s":{"a":0,"k":[100,100,100],"ix":6}},"ao":0,"ip":20,"op":23,"st":20,"bm":0},{"ddd":0,"ind":7,"ty":2,"nm":"blink3","parent":11,"refId":"image_36","sr":1,"ks":{"o":{"a":0,"k":100,"ix":11},"r":{"a":0,"k":0,"ix":10},"p":{"a":0,"k":[132.5,364,0],"ix":2},"a":{"a":0,"k":[111.5,37,0],"ix":1},"s":{"a":0,"k":[100,100,100],"ix":6}},"ao":0,"ip":6,"op":9,"st":6,"bm":0},{"ddd":0,"ind":8,"ty":2,"nm":"blink2","parent":11,"refId":"image_37","sr":1,"ks":{"o":{"a":0,"k":100,"ix":11},"r":{"a":0,"k":0,"ix":10},"p":{"a":0,"k":[132.5,381.5,0],"ix":2},"a":{"a":0,"k":[111.5,54.5,0],"ix":1},"s":{"a":0,"k":[100,100,100],"ix":6}},"ao":0,"ip":3,"op":6,"st":3,"bm":0},{"ddd":0,"ind":9,"ty":2,"nm":"blink1","parent":11,"refId":"image_36","sr":1,"ks":{"o":{"a":0,"k":100,"ix":11},"r":{"a":0,"k":0,"ix":10},"p":{"a":0,"k":[132.5,364,0],"ix":2},"a":{"a":0,"k":[111.5,37,0],"ix":1},"s":{"a":0,"k":[100,100,100],"ix":6}},"ao":0,"ip":0,"op":3,"st":0,"bm":0},{"ddd":0,"ind":10,"ty":2,"nm":"r hand","parent":11,"refId":"image_38","sr":1,"ks":{"o":{"a":0,"k":100,"ix":11},"r":{"a":1,"k":[{"i":{"x":[0.833],"y":[1]},"o":{"x":[0.333],"y":[0]},"n":["0p833_1_0p333_0"],"t":0,"s":[0],"e":[-7]},{"i":{"x":[0.833],"y":[1]},"o":{"x":[0.167],"y":[0]},"n":["0p833_1_0p167_0"],"t":11,"s":[-7],"e":[5]},{"i":{"x":[0.667],"y":[1]},"o":{"x":[0.167],"y":[0]},"n":["0p667_1_0p167_0"],"t":30,"s":[5],"e":[0]},{"t":41}],"ix":10},"p":{"a":0,"k":[342,433,0],"ix":2},"a":{"a":0,"k":[0,0,0],"ix":1},"s":{"a":0,"k":[100,100,100],"ix":6}},"ao":0,"ip":0,"op":67,"st":0,"bm":0},{"ddd":0,"ind":11,"ty":2,"nm":"bod","refId":"image_39","sr":1,"ks":{"o":{"a":0,"k":100,"ix":11},"r":{"a":0,"k":0,"ix":10},"p":{"a":1,"k":[{"i":{"x":0.667,"y":1},"o":{"x":0.333,"y":0},"n":"0p667_1_0p333_0","t":0,"s":[3459.5,464,0],"e":[3459.5,472,0],"to":[0,1.33333337306976,0],"ti":[0,0.66666668653488,0]},{"i":{"x":0.667,"y":1},"o":{"x":0.333,"y":0},"n":"0p667_1_0p333_0","t":6,"s":[3459.5,472,0],"e":[3459.5,460,0],"to":[0,-0.66666668653488,0],"ti":[0,1.33333337306976,0]},{"i":{"x":0.667,"y":1},"o":{"x":0.333,"y":0},"n":"0p667_1_0p333_0","t":10,"s":[3459.5,460,0],"e":[3459.5,464,0],"to":[0,-1.33333337306976,0],"ti":[0,-0.66666668653488,0]},{"i":{"x":0.667,"y":0.667},"o":{"x":0.333,"y":0.333},"n":"0p667_0p667_0p333_0p333","t":16,"s":[3459.5,464,0],"e":[3459.5,464,0],"to":[0,0,0],"ti":[0,0,0]},{"i":{"x":0.667,"y":1},"o":{"x":0.333,"y":0},"n":"0p667_1_0p333_0","t":38,"s":[3459.5,464,0],"e":[3459.5,472,0],"to":[0,1.33333337306976,0],"ti":[0,0.66666668653488,0]},{"i":{"x":0.667,"y":1},"o":{"x":0.333,"y":0},"n":"0p667_1_0p333_0","t":44,"s":[3459.5,472,0],"e":[3459.5,460,0],"to":[0,-0.66666668653488,0],"ti":[0,1.33333337306976,0]},{"i":{"x":0.667,"y":1},"o":{"x":0.333,"y":0},"n":"0p667_1_0p333_0","t":48,"s":[3459.5,460,0],"e":[3459.5,464,0],"to":[0,-1.33333337306976,0],"ti":[0,-0.66666668653488,0]},{"t":54}],"ix":2},"a":{"a":0,"k":[274.5,287,0],"ix":1},"s":{"a":0,"k":[100,100,100],"ix":6}},"ao":0,"ip":0,"op":67,"st":0,"bm":0},{"ddd":0,"ind":12,"ty":2,"nm":"r hand copy","parent":11,"refId":"image_40","sr":1,"ks":{"o":{"a":0,"k":100,"ix":11},"r":{"a":1,"k":[{"i":{"x":[0.833],"y":[1]},"o":{"x":[0.333],"y":[0]},"n":["0p833_1_0p333_0"],"t":0,"s":[0],"e":[7]},{"i":{"x":[0.833],"y":[1]},"o":{"x":[0.167],"y":[0]},"n":["0p833_1_0p167_0"],"t":11,"s":[7],"e":[-5]},{"i":{"x":[0.667],"y":[1]},"o":{"x":[0.167],"y":[0]},"n":["0p667_1_0p167_0"],"t":30,"s":[-5],"e":[0]},{"t":41}],"ix":10},"p":{"a":0,"k":[39,364,0],"ix":2},"a":{"a":0,"k":[157,2,0],"ix":1},"s":{"a":0,"k":[100,100,100],"ix":6}},"ao":0,"ip":0,"op":67,"st":0,"bm":0},{"ddd":0,"ind":13,"ty":2,"nm":"r leg","refId":"image_41","sr":1,"ks":{"o":{"a":0,"k":100,"ix":11},"r":{"a":0,"k":0,"ix":10},"p":{"a":0,"k":[3330,768.5,0],"ix":2},"a":{"a":0,"k":[106,65.5,0],"ix":1},"s":{"a":0,"k":[100,100,100],"ix":6}},"ao":0,"ip":0,"op":67,"st":0,"bm":0}]}],
"layers":[{"ddd":0,"ind":4,"ty":0,"nm":"jester","refId":"comp_3","sr":1,"ks":{"o":{"a":0,"k":100,"ix":11},"r":{"a":0,"k":0,"ix":10},"p":{"a":0,"k":[477.5,547.5,0],"ix":2},"a":{"a":0,"k":[477.5,547.5,0],"ix":1},"s":{"a":0,"k":[100,100,100],"ix":6}},"ao":0,"w":3840,"h":2160,"ip":0,"op":60,"st":0,"bm":0},{"ddd":0,"ind":6,"ty":0,"nm":"witch","refId":"comp_5","sr":1,"ks":{"o":{"a":0,"k":100,"ix":11},"r":{"a":0,"k":0,"ix":10},"p":{"a":0,"k":[3407,504,0],"ix":2},"a":{"a":0,"k":[3407,504,0],"ix":1},"s":{"a":0,"k":[100,100,100],"ix":6}},"ao":0,"w":3840,"h":2160,"ip":0,"op":60,"st":0,"bm":0}],"markers":[]}