Name,Description,Script
One More Roll,Roll one more dice,if(self.usecpuinsteadofdice) { robotroll(); } else { givedice(rand([1[;]2[;]3[;]4[;]5[;]6])[;]~~[;]true); self.roll_totaldice++; self.checklockedequipment(); }
Autoroll,Jackpot guaranteed,trace(2222222222222222222222222222222); if(self.hasstatus(~revert~)) { if(self.roll_jackpot <= 0) while(self.roll_jackpot <= 0){ inflictself(~cpushield~); robotroll(); } } else { robotroll(true); trace(1); }
Stardust,Random status effect,var randstatus = rand([CURSE[;]LOCK[;]FIRE[;]ICE[;]WEAKEN[;]SHOCK[;]POISON[;]VANISH]); if(randstatus == ~vanish~) { inflict(~fade~); } else { inflict(randstatus); }
Overload,Double status effects,if(target.status.length > 0) { for(x in target.status) { if(x.type.split(~~).length > 4) { if(x.type.substr(0[;]5) == ~jinx_~) { continue; } } if(x.type != ~beartransform~ && x.type != ~extradamage~ && x.stacks) { inflict(x.type[;]x.value); } } } if(self.status.length > 0) { for(x in self.status) { if(x.type.split(~~).length > 4) { if(x.type.substr(0[;]5) == ~jinx_~) { continue; } } if(x.type != ~beartransform~ && x.type != ~extradamage~ && x.stacks) { inflictself(x.type[;]x.value); } } } sfx(~_thinghappens~);
