ID,Character,Overworld Sprite,Difficulty,Icon,Select Normal Sprite,Select Normal Sprite Offset,Select Endgame Sprite,Select Endgame Sprite Offset,Initial Description,Middle Description,Endgame Description,Post Endgame Description
quickmod_warrior,Warrior,overworld_warrior,1,characters/warrior/charicon_warrior,cutscenes/warrior/warrior_idle.json,0|75,cutscenes/warrior/warrior_worried_idle.json,25|75,[quote]Its me the Waror[quote],[quote]Its me the Waror[quote],[quote]Its me the Waror[quote],[quote]Its me the Waror[quote]
quickmod_thief,Thief,overworld_thief,3,characters/thief/charicon_thief,cutscenes/thief/thief_idle.json,50|0,cutscenes/thief/thief_worried_idle.json,75|50,[quote]I love larceny[quote],[quote]I love larceny[quote],[quote]I love larceny[quote],[quote]I love larceny[quote]
quickmod_inventor,Inventor,overworld_inventor,3,characters/inventor/charicon_inventor,cutscenes/inventor/inventor_idle.json,50|0,cutscenes/inventor/inventor_worried_idle.json,50|0,[quote]I have calculated using|my calculator that|show time starts at|now o'clock EST![quote],[quote]I have calculated using|my calculator that|show time starts at|now o'clock EST![quote],[quote]I have calculated using|my calculator that|show time starts at|now o'clock EST![quote],[quote]I have calculated using|my calculator that|show time starts at|now o'clock EST![quote]
quickmod_witch,Witch,overworld_witch,4,characters/witch/charicon_witch,cutscenes/witch/witch_idle.json,25|150,cutscenes/witch/witch_worried_idle.json,-25|75,[quote]Sorry for the delay and|the low quality!||Shoutouts to Jester and|Keymaster for the rentals!|And sub to my Ma-Gi|to keep the magic flowing!|#dicey #quickmod[quote],[quote]Sorry for the delay and|the low quality!||Shoutouts to Jester and|Keymaster for the rentals!|And sub to my Ma-Gi|to keep the magic flowing!|#dicey #quickmod[quote],[quote]Sorry for the delay and|the low quality!||Shoutouts to Jester and|Keymaster for the rentals!|Be sure to sub to my|Ma-Gi to keep|getting awesome content like this and more!|#thankful #theftvictim #dicey[quote],[quote]Sorry for the delay and|the low quality!||Shoutouts to Jester and|Keymaster for the rentals!|Be sure to sub to my|Ma-Gi to keep|getting awesome content like this and more!|#thankful #theftvictim #dicey[quote]
quickmod_robot,Robot,overworld_robot,3,characters/robot/charicon_robot,cutscenes/robot/robot_idle.json,-50|25,cutscenes/robot/robot_worried_idle.json,-50|25,[quote]If you're seeing this[;]|you've successfully added|a new character to|Dicey Dungeons![quote],[quote]If you're seeing this[;]|you've successfully added|a new character to|Dicey Dungeons![quote],[quote]If you're seeing this[;]|you've successfully added|a new character to|Dicey Dungeons![quote],[quote]If you're seeing this[;]|you've successfully added|a new character to|Dicey Dungeons![quote]
