ID,Character,Level,Episode Name,Description,Rules Description,Equipment,Layout,Skillcard,Limit,Weakened Limit,Dice,Health,Generator,Super Level 2,Super Level 3,Super Level 4,Super Level 5,Cutscene,Script: Define Level Up Rewards,Script: Start Game,Script: After Level Up,Script: Change Floor,Script: Before Start Turn,Script: On Start Turn,Script: End Turn,Script: Start Combat,Script: After Combat
quickmod_warrior_1,Warrior,1,Quickmod warrior xd,A stupid adventure.,Stupid Rules.,Quicksword,EQUIPMENT,Combicep Curl,Fury,Tantrum,2,24,warrior_quickmod,0,0,0,0,quickwarrior,leveluprewards(2|~Dice~|~Equipment:Lockpickaxe~|~Equipment:Spanella~|~Equipment:Shell Game~); leveluprewards(3|~~|[~Upgrade~|~Equipment:House of Glass~|~Equipment:Medirang~]); leveluprewards(4|~Dice~|[~Equipment:Corpse Maggots~|~Upgrade~|~Equipment:Dark Arts~]); leveluprewards(5|~~|[~Equipment:Unimplemented Item~|~Equipment:Filler Item~|~Equipment:Unbalanced Item~]); leveluprewards(6|~Dice~);,,,,,,,,
quickmod_thief_1,Thief,1,Not Just A Thief,I'm also a wizard! Isn't that worth something?!,Skillcard replaced with Spellcasters Quarterly|Spellcasters Quarterly spawns new equipment|But you still have an inventory[;] not a spellbook,Cauldron|Infliction,EQUIPMENT,Spellcasters Quarterly,Unlucky Roll,Magic Dice,2,24,thief_quickmod,0,0,0,0,witchthief,leveluprewards(2|~Dice~|[~Equipment:Landmine~|~Equipment:Sticky Hand~]); leveluprewards(3|~~|[~Equipment:Mechanical Leg~|~Equipment:Scissormancy~|~Equipment:Rat~]); leveluprewards(4|~~|[~Equipment:Shadow Dice~|~ExtraDice~|~Equipment:Lollipop~]); leveluprewards(5|~~|[~Equipment:Zipgun~|~ExtraDice~|~Upgrade~]); leveluprewards(6|~Dice~|[~Equipment:Shotgun~|~Equipment:Lockpickaxe~|~Upgrade~]);,,,,,,,,
quickmod_inventor_1,Inventor,1,Quickmod Inventor xd,An inventerrific adventure!,Awesome rules!,Strange Parcel|Saw Wave|Flamebringer,EQUIPMENT,Inventor Gadgets|Magic Dice,Focus,Unfocused,2,24,inventor_quickmod,1,1,0,0,quickinventor,leveluprewards(2|~Dice~); leveluprewards(3|~~|[~Equipment:Molotov Cocktail~|~Equipment:Doppeltwice~]); leveluprewards(4|~Dice~); leveluprewards(5|~~|[~Upgrade~|rand([~Equipment:Scrap Book~|~Equipment:Scrap Club~|~Equipment:Scrap Spear~|~Equipment:Scrap Nettle~|~Equipment:Scrap Bump~])|~Copy~]); leveluprewards(6|~Dice~);,,,,,var sk = self.getskillcard(); for(skill in sk.skills) { if(skill.script == ~/*feedme*/~) { sk.animate(~flashandshake~); attackself(999); sfxdamage(self|999); sfx(~_drain~|~~|0.15); } },Rules.inventor_inspiration = true;,,
quickmod_witch_1,Witch,1,Curse of the Dice,Where is my spellbook?,No spellbook.|Instead[;] you have a torn spellbook on rental from Jester.|Get items according to dice you roll!|No manual casting.,Cauldron|Snowcast|Thunderclap|Mote of Light|Hand o' Flame|Magic Key,EQUIPMENT,Combat Roll,Crystal Ball,Marble,2,24,witch_quickmod,1,0,0,0,quickwitch,leveluprewards(2|~Dice~|[~Equipment:Triple Clothesline~|~Equipment:Spannaargh~]);leveluprewards(3|~Dice~|[~Equipment:Hall of Mirrors~|~Upgrade~|~Equipment:Doppeltwice~]); leveluprewards(4|~Dice~|[~Upgrade~|~Equipment:Sword Hilt~]);leveluprewards(5|~Dice~|[~Equipment:Type Coersion~|~Equipment:Rubble~|~Equipment:Rat~]); leveluprewards(6|~Dice~|[~Equipment:Keyblade~|~ExtraDice~|~Equipment:Dynamite~]);,Rules.excludeenemies([~Sticky Hands~|~Yeti~]); episode.scriptonload = ~runscript(\~keymastersreunion/keymaster/onload\~|[self]);~; Rules.addplayerinnatestatus(~rollitems~);,,,,,,runscript(~keymastersreunion/keymaster/removeequipment~|[self]);,runscript(~keymastersreunion/keymaster/revert~|[self]);
quickmod_witch_2,Witch,2,Inscryption Reference,Magnificus would be proud.|WIP. DO NOT PLAY.,No spellbook.|Instead[;] you have a Jester deck full of magic cards|that need colored Mox to work.,Energy Conduit|Energy Conduit|Magibot|Magibot|Magibot|Shieldbot|Gamblobot|Magic Oil|Magic Oil|Magic Oil|Magic Oil|Emerald Crystal|Emerald Crystal|Emerald Crystal|Peridot Golem|Senior Sage|Junior Sage|Greenbeard|Goobert|Geck|Geck|Squirrel|Squirrel|Squirrel|Cat|Wolf|Stoat|Starvation,DECK,Jester Deck,Onyx Crystal,Crystal Ball,4,24,witch_quickmod,1,1,1,0,moxwitch,/* TODO! Also TODO cutscenes and TODO generator */ leveluprewards(2|~Dice~|[~Boosterpack:Pack Rat[;]Geck[;]Squirrel~[;]~Boosterpack:Trapmage[;]Peridot Golem[;]Emerald Crystal~[;]~Boosterpack:Lonely Wizbot[;]Magic Oil[;]Energy Conduit~]);,Rules.excludeenemies([~Yeti~]); Rules.addplayerinnatestatus(~totemcontrol~); Deck.lookahead = 6; Rules.limitbreakcost = 16;,,,,,,var skillcard = self.getskillcard(); skillcard.height = 1270;,
quickmod_robot_1,Robot,1,Technology Works,Go forth and assimilate.,You make jackpot rewards out of enemy items.,Pea Shooter|Bingo Blaster,EQUIPMENT,Robot Calculate,Autoroll,Lucky Shot,0,24,robot_quickmod,1,1,0,0,quickrobot,leveluprewards(2|~CPU:2~); leveluprewards(3|~~|[~Equipment:Buster Counter~|~Equipment:Ultimastrophe~]); leveluprewards(4|~CPU:2~); leveluprewards(5|~~|[~Equipment:Process Management~|~Equipment:Buster Potion~]); leveluprewards(6|~CPU:2~);,runscript(~quickmod/findmissinggadgets~); Rules.excludeenemies(getcolumn(loaddata(~diceydungeons/excludedenemies~)|~robot1~).concat([~Sticky Hands~])); self.usecpuinsteadofdice = true; if(!self.varexists(~skills~)) { self.setvar(~skills~|[~Lucky Shot~|~Regenerate~]); } Rules.overworldbutton_name = ~Victims~; Rules.overworldbutton_action = ~rulescreen~; if(!self.varexists(~victims~)) { runscript('quickmod/robot_updaterulescreen.hx'|[null]); } Rules.jackpotskills = [~Replace Me~|~Replace Me~|~Replace Me~]; Rules.inventor_inspiration = true; Rules.inventor_setgadgets(1); self.getskillcard().height = 1080; //if(!self.varexists(~mycpu~)) { self.setvar(~mycpu~|9); } self.roll_target = self.getvar(~mycpu~);,//if(self.level % 2 == 0) { self.setvar(~mycpu~|self.roll_target + 2); trace(~mycpu: ~ + self.getvar(~mycpu~)); } else trace(~didnt get cpu this levelup~);,if(descendingfromcontinue()) { runscript('quickmod/robot_updaterulescreen.hx'|[null]); },self.setvar('skillpage'|1); //trace(self.getskillcard().height);,self.setvar(~jackpotchecked~|false); runscript(~quickmod/jackpotactuator~|[self]);,,//runscript(~quickmod/robot_beforecombat~|[self]);,runscript(~quickmod/robot_aftercombat~|[self|target]); runscript(~quickmod/scrapactuator~|[self]);
